Indicator,S.No.,Parameters,Type,District - _Haryana,District - Ambala,District - Bhiwani,District - Faridabad,District - Fatehabad,District - Gurgaon,District - Hisar,District - Jhajjar,District - Jind,District - Kaithal,District - Karnal,District - Kurukshetra,District - Mahendragarh,District - Mewat,District - Palwal,District - Panchkula,District - Panipat,District - Rewari,District - Rohtak,District - Sirsa,District - Sonipat,District - Yamunanagar
M1 [Ante Natal Care Services ANC],1.1,Total number of pregnant women Registered for ANC,TOTAL,36045,1103,2066,3880,1106,2323,2187,989,1695,1730,1761,1297,1031,2164,1802,1017,2091,1083,1262,1742,2365,1351
M1 [Ante Natal Care Services ANC],1.1.1,Of which Number registered within first trimester (within 12 weeks),TOTAL,17342,569,1067,1552,604,993,1304,479,1094,917,1108,675,548,514,695,555,826,492,811,909,951,679
M1 [Ante Natal Care Services ANC],1.2,Number of Pregnant women registered under JSY,TOTAL,8703,402,583,487,477,200,782,190,487,480,606,295,276,338,400,88,548,326,256,478,525,479
M1 [Ante Natal Care Services ANC],1.3,Number of pregnant women received 3 ANC check ups during pregnancy,TOTAL,27702,1071,1698,2257,1066,1958,2012,886,1427,800,1931,1136,753,1252,1429,483,694,951,1069,1669,2104,1056
M1 [Ante Natal Care Services ANC],1.4.1,Number of pregnant women given TT1 during current pregnancy,TOTAL,26215,707,1627,2909,991,1988,1561,911,946,1125,1158,743,807,1786,1071,830,1179,881,1348,1166,1376,1105
M1 [Ante Natal Care Services ANC],1.4.2,Number of pregnant women given TT2 or Booster during current pregnancy,TOTAL,36639,1180,1935,3591,1109,2490,2480,1198,1610,1655,1951,1100,1089,2167,1874,1378,1745,1134,1680,1688,2017,1568
M1 [Ante Natal Care Services ANC],1.5,Total number of pregnant women given 100 IFA tablets,TOTAL,37151,1276,2183,4407,1282,2088,1895,1534,1747,1636,2344,1182,1343,1565,1365,1730,1224,1166,2014,1448,2605,1117
M1 [Ante Natal Care Services ANC],1.6.1,Number of new cases of Hypertension (BP>140/90) detected in Pregnant women at the institution,TOTAL,754,83,28,41,14,18,44,44,36,30,69,61,75,50,9,28,17,19,16,2,29,41
M1 [Ante Natal Care Services ANC],1.6.2,Number of Eclampsia cases managed during delivery,TOTAL,61,1,2,11,0,0,0,4,0,0,2,1,17,7,0,0,5,5,0,4,0,2
M1 [Ante Natal Care Services ANC],1.7.1,Number of Pregnant women with anaemia i.e. Hb level<11 (tested cases),TOTAL,51526,1962,2072,3851,1839,1838,3267,2029,5764,1977,3349,1526,2156,2352,1453,1792,1943,1660,2854,2821,2703,2318
M1 [Ante Natal Care Services ANC],1.7.2,Number of Pregnant women having severe anaemia (Hb<7) treated at institution,TOTAL,1038,52,10,85,74,4,97,39,55,3,52,22,60,157,0,95,48,3,51,7,94,30
M1 [Ante Natal Care Services ANC],1.8,Number of pregnancy test kits used at SC level,TOTAL,13333,859,1024,325,432,143,1339,762,760,420,974,528,568,263,387,230,577,796,621,888,761,676
M2 [Deliveries],2.1.1.a,Number of deliveries conducted at Home and attended by trained SBA(i.e. Doctor or Nurse or ANM),TOTAL,813,2,52,110,12,22,3,14,16,9,1,15,46,45,193,2,14,20,56,12,169,0
M2 [Deliveries],2.1.1.b,Number of deliveries conducted at Home and attended by non trained SBA (i.e. trained TBA or Relatives etc.),TOTAL,6018,13,168,412,128,81,254,47,186,109,207,52,37,2515,671,15,500,23,100,57,262,181
M2 [Deliveries],2.1.1.c,Total number of deliveries conducted at Home and attended by trained or non-trained SBA (i.e. sum of 2.1.1.a and 2.1.1.b),TOTAL,6831,15,220,522,140,103,257,61,202,118,208,67,83,2560,864,17,514,43,156,69,431,181
M2 [Deliveries],2.1.2,Number of newborns visited within 24 hours of delivery for deliveries conducted at home,TOTAL,3713,10,207,296,124,102,222,53,180,101,155,53,78,619,560,11,286,40,155,42,345,74
M2 [Deliveries],2.1.3,Number of mothers paid JSY incentive for deliveries conducted at home,TOTAL,0,0,0,0,0,0,0,0,0,0,0,0,0,0,0,0,0,0,0,0,0,0
M2 [Deliveries],2.2,Deliveries conducted at Public Institutions (Including C-Sections),TOTAL,25776,1173,1218,1807,916,1375,1496,858,1431,1069,1609,886,1124,1222,1041,1103,1003,797,1590,1429,1362,1267
M2 [Deliveries],2.2.1,"Out of 2.2, Number discharged under 48 hours of delivery",TOTAL,20180,1000,1142,1393,750,875,1109,725,1369,749,1079,643,1001,1186,981,328,917,548,1284,1049,1089,963
M2 [Deliveries],2.2.2.a,Number of mothers paid JSY Incentive for deliveries conducted at Public Institutions,TOTAL,2724,141,108,154,101,101,342,36,116,151,301,284,147,0,0,160,80,15,292,0,2,193
M2 [Deliveries],2.2.2.b,Number of ASHAs paid JSY Incentive for deliveries conducted at Public Institutions,TOTAL,580,0,62,1,0,3,46,5,9,0,114,131,11,0,0,25,0,0,35,0,0,138
M2 [Deliveries],2.2.2.c,Number of cases of deliveries conducted at Public Institutions where JSY incentive was paid to ANMs or AWWs [only for High Performing States (HPS)],TOTAL,0,0,0,0,0,0,0,0,0,0,0,0,0,0,0,0,0,0,0,0,0,0
M2 [Deliveries],2.3,Deliveries conducted at Private Institutions (Including C-Sections),TOTAL,15639,932,1623,757,411,1843,1062,0,703,631,1044,1170,416,NA,220,232,700,602,762,687,1143,701
M2 [Deliveries],2.3.1.a,Number of mothers paid JSY Incentive for deliveries conducted at accredited Private Institutions,TOTAL,69,NA,NA,NA,NA,63,NA,NA,NA,6,NA,NA,NA,NA,NA,NA,NA,NA,NA,NA,0,0
M2 [Deliveries],2.3.1.b,Number of ASHAs paid JSY Incentive for deliveries conducted at accredited Private Institutions,TOTAL,3,NA,NA,NA,NA,3,NA,NA,NA,NA,NA,NA,NA,NA,NA,NA,NA,NA,NA,NA,0,0
M2 [Deliveries],2.3.1.c,Number of cases of deliveries conducted at accredited Private Institutions where JSY incentive was paid to ANMs or AWWs [only for High Performing States (HPS)],TOTAL,0,NA,NA,NA,NA,NA,NA,NA,NA,NA,NA,NA,NA,NA,NA,NA,NA,NA,NA,NA,0,0
M3 [Number of Caesarean C-Section deliveries performed at],3.1.1,Number of Caesarean (C-Section) deliveries performed at PHCs (Primary Health Centre),TOTAL,31,23,0,0,0,0,0,0,0,0,0,0,0,0,0,0,0,0,0,0,0,8
M3 [Number of Caesarean C-Section deliveries performed at],3.1.2,Number of Caesarean (C-Section) deliveries performed at CHCs (Community Health Centre),TOTAL,119,0,0,36,5,0,0,0,0,0,0,9,0,0,0,52,0,0,0,17,0,0
M3 [Number of Caesarean C-Section deliveries performed at],3.1.3,Number of Caesarean (C-Section) deliveries performed at SDHs (Sub-divisional Hospital) or DHs (District Hospital),TOTAL,2276,105,19,163,117,73,183,58,46,79,113,134,96,0,36,130,56,54,306,102,141,265
M3 [Number of Caesarean C-Section deliveries performed at],3.1.4,Number of Caesarean (C-Section) deliveries performed at other State owned public institutions,TOTAL,NA,NA,NA,NA,NA,NA,NA,NA,NA,NA,NA,NA,NA,NA,NA,NA,NA,NA,NA,NA,NA,NA
M3 [Number of Caesarean C-Section deliveries performed at],3.1.5,"Total Number of Caesarean (C-Section) deliveries performed at Public facilities i.e. PHC, CHC, SDH, DH and other State owned public institutions (sum of items from 3.1.1 to 3.1.4)",TOTAL,2426,128,19,199,122,73,183,58,46,79,113,143,96,0,36,182,56,54,306,119,141,273
M3 [Number of Caesarean C-Section deliveries performed at],3.2,No. of C-section deliveries performed at Private facilities,TOTAL,3510,240,240,195,118,742,197,0,105,157,175,220,90,NA,60,99,281,152,72,146,0,221
M4 [Pregnancy outcome & weight of new-born],4.1.1.a,Number of male live births,TOTAL,25350,1092,1665,1603,764,1659,1406,510,1227,936,1675,1149,921,1889,1119,674,1126,838,1308,1168,1488,1133
M4 [Pregnancy outcome & weight of new-born],4.1.1.b,Number of female live births,TOTAL,22572,1013,1659,1441,699,1552,1393,404,1086,832,1155,968,680,1809,989,663,1054,604,1163,999,1416,993
M4 [Pregnancy outcome & weight of new-born],4.1.1.c,Total number of male and female live births (4.1.1.a and 4.1.1.b),TOTAL,47922,2105,3324,3044,1463,3211,2799,914,2313,1768,2830,2117,1601,3698,2108,1337,2180,1442,2471,2167,2904,2126
M4 [Pregnancy outcome & weight of new-born],4.1.2,Number of still births,TOTAL,693,22,46,52,9,22,48,8,26,20,41,16,26,89,18,27,45,8,51,41,36,42
M4 [Pregnancy outcome & weight of new-born],4.1.3,Number of Abortions (spontaneous or induced),TOTAL,1067,72,41,48,22,12,125,16,103,82,66,31,29,20,13,76,23,22,50,101,23,92
M4 [Pregnancy outcome & weight of new-born],4.2.1,Number of Newborns weighed at birth,TOTAL,44545,2099,2993,2950,1457,3189,2789,908,2269,1745,1728,2084,1579,3269,2011,1084,1487,1421,2468,2152,2868,1995
M4 [Pregnancy outcome & weight of new-born],4.2.2,Number of Newborns having weight less than 2.5 kg,TOTAL,6373,145,246,1069,362,181,487,100,219,246,381,217,176,496,292,377,209,117,382,256,278,137
M4 [Pregnancy outcome & weight of new-born],4.3,Number of Newborns breast fed within 1 hour of birth,TOTAL,39774,2000,2884,2520,948,3041,2658,847,2177,1431,1409,2048,1389,3130,1490,841,1339,1380,2116,2020,2468,1638
M5 [Complicated pregnanices],5.1.1,Number of cases of pregnant women with Obstetric Complications and attended at PHCs,TOTAL,882,7,3,103,32,117,44,0,4,0,0,70,3,310,101,14,5,7,5,4,45,8
M5 [Complicated pregnanices],5.1.2,Number of cases of pregnant women with Obstetric Complications and attended at CHCs,TOTAL,919,217,13,154,30,0,21,5,10,12,25,15,182,56,0,39,6,0,58,62,14,0
M5 [Complicated pregnanices],5.1.3,Number of cases of pregnant women with Obstetric Complications and attended at SDHs or DHs,TOTAL,6815,377,863,127,112,540,511,126,133,683,431,410,66,18,28,450,130,162,278,149,265,956
M5 [Complicated pregnanices],5.1.4,Number of cases of pregnant women with Obstetric Complications and attended at other State owned public institutions,TOTAL,NA,NA,NA,NA,NA,NA,NA,NA,NA,NA,NA,NA,NA,NA,NA,NA,NA,NA,NA,NA,NA,NA
M5 [Complicated pregnanices],5.1.5,"Number of cases of pregnant women with Obstetric Complications and attended at Public facilities i.e. PHC, CHC, SDH, DH and other State owned public institutions (sum of items from 5.1.1 to 5.1.4)",TOTAL,8616,601,879,384,174,657,576,131,147,695,456,495,251,384,129,503,141,169,341,215,324,964
M5 [Complicated pregnanices],5.2,Number of cases of pregnant women with Obstetric Complications and attended at Private facilities,TOTAL,985,0,0,0,0,527,0,0,0,0,0,440,18,NA,0,0,0,0,0,0,NA,0
M5 [Complicated pregnanices],5.3.1,Number of cases of complicated pregnancies treated with IV antibiotics,TOTAL,3292,230,470,105,43,372,243,42,49,106,248,405,24,29,7,150,65,86,70,131,166,251
M5 [Complicated pregnanices],5.3.2,Number of cases of complicated pregnancies treated with IV Antihypertensive/Magsulph injection,TOTAL,632,2,35,40,7,278,16,4,6,77,56,3,15,2,0,0,5,51,2,4,2,27
M5 [Complicated pregnanices],5.3.3,Number of cases of complicated pregnancies treated with IV Oxytocis,TOTAL,2862,205,325,181,30,167,121,6,33,200,93,392,100,155,112,169,2,11,93,5,126,336
M5 [Complicated pregnanices],5.3.4,Number of cases of complicated pregnancies treated with Blood Transfusion,TOTAL,993,45,9,14,38,129,53,66,39,70,33,119,39,18,2,87,67,10,1,31,20,103
M6 [Post - Natal Care],6.1,Women getting post partum check-up within 48 hours after delivery,TOTAL,31336,2067,2209,1811,848,2108,2780,678,1932,963,1529,2074,1465,1307,566,887,1163,609,2578,1757,727,1278
M6 [Post - Natal Care],6.2,Women getting a post partum check up between 48 hours and 14 days after delivery,TOTAL,12264,1528,432,147,639,1287,1159,115,1264,44,201,545,1024,40,5,235,7,434,860,1461,116,721
M6 [Post - Natal Care],6.3,PNC maternal complications attended,TOTAL,330,14,2,67,3,16,19,11,20,4,42,34,34,0,0,7,2,10,18,6,8,13
M7 [Medical Termination of Pregnancy (MTP)],7.1.1,Number of MTPs conducted at Public Institutions up to 12 weeks of pregnancy,TOTAL,772,58,11,144,3,30,71,16,49,63,49,21,19,0,0,84,6,9,42,24,53,20
M7 [Medical Termination of Pregnancy (MTP)],7.1.2,Number of MTPs conducted at Public Institutions for more than 12 weeks of pregnancy,TOTAL,37,11,0,0,0,1,6,0,0,0,0,2,1,0,0,11,0,1,0,2,0,2
M7 [Medical Termination of Pregnancy (MTP)],7.1.3,Total number of MTPs conducted at Public Institutions (sum of items 7.1.1 and 7.1.2),TOTAL,809,69,11,144,3,31,77,16,49,63,49,23,20,0,0,95,6,10,42,26,53,22
M7 [Medical Termination of Pregnancy (MTP)],7.2,Number of MTPs conducted at Private Facilities,TOTAL,1063,29,10,213,48,112,64,0,11,57,5,28,0,0,36,120,68,56,97,21,0,88
M8 [RTI/STI Cases],8.1.a,Number of new cases of RTI/STI in males for which treatment was initiated,TOTAL,1669,31,34,166,75,61,116,27,157,134,123,39,43,0,0,46,36,53,235,160,42,91
M8 [RTI/STI Cases],8.1.b,Number of new cases of RTI/STI in females for which treatment was initiated,TOTAL,6362,192,167,1436,224,538,262,261,182,137,474,237,331,0,5,494,135,137,256,304,199,391
M8 [RTI/STI Cases],8.1.c,Total number of new cases of RTI/STI in males and females for which treatment was initiated (sum of items 8.1.a and 8.1.b),TOTAL,8031,223,201,1602,299,599,378,288,339,271,597,276,374,0,5,540,171,190,491,464,241,482
M8 [RTI/STI Cases],8.2,Number of suspected RTI/STI cases for whom wet mount test was conducted,TOTAL,28,0,0,0,0,0,0,0,0,0,0,0,0,0,0,28,0,0,0,0,0,0
M9 [Family Planning],9.1.1.a,Number of NSV (No Scalpel Vasectomy) or Conventional Vasectomy conducted at PHCs,TOTAL,11,2,0,0,0,0,0,2,0,0,0,0,0,0,0,0,0,0,0,0,0,7
M9 [Family Planning],9.1.1.b,Number of NSV or Conventional Vasectomy conducted at CHCs,TOTAL,55,0,0,0,0,0,1,1,1,4,20,12,1,0,0,4,3,0,0,2,3,3
M9 [Family Planning],9.1.1.c,Number of NSV or Conventional Vasectomy conducted at SDHs or DHs,TOTAL,131,4,5,12,0,12,3,4,5,13,30,6,5,0,2,4,5,8,5,1,3,4
M9 [Family Planning],9.1.1.d,Number of NSV or Conventional Vasectomy conducted at other State owned public institutions,TOTAL,NA,NA,NA,NA,NA,NA,NA,NA,NA,NA,NA,NA,NA,NA,NA,NA,NA,NA,NA,NA,NA,NA
M9 [Family Planning],9.1.1.e,"Total Number of NSV or Conventional Vasectomy conducted at Public facilities i.e. PHC, CHC, SDH, DH and other State owned public institutions (sum of items from 9.1.1.a to 9.1.1.d)",TOTAL,197,6,5,12,0,12,4,7,6,17,50,18,6,0,2,8,8,8,5,3,6,14
M9 [Family Planning],9.1.2,Number of NSV or Conventional Vasectomy conducted at Private facilities,TOTAL,2,0,0,0,0,0,1,0,0,0,0,0,0,NA,0,0,1,0,0,0,NA,0
M9 [Family Planning],9.2.1.a,Number of Laparoscopic sterilizations conducted at PHCs,TOTAL,30,7,0,3,0,4,0,0,0,0,0,0,0,0,0,1,0,15,0,0,0,0
M9 [Family Planning],9.2.1.b,Number of Laparoscopic sterilizations conducted at CHCs,TOTAL,114,20,0,17,0,3,0,0,0,0,0,0,45,0,0,29,0,0,0,0,0,0
M9 [Family Planning],9.2.1.c,Number of Laparoscopic sterilizations conducted at SDHs or DHs,TOTAL,632,53,0,78,0,127,0,0,0,0,0,0,92,0,135,32,0,112,0,0,0,3
M9 [Family Planning],9.2.1.d,Number of Laparoscopic sterilizations conducted at other State owned public institutions,TOTAL,NA,NA,NA,NA,NA,NA,NA,NA,NA,NA,NA,NA,NA,NA,NA,NA,NA,NA,NA,NA,NA,NA
M9 [Family Planning],9.2.1.e,"Total Number of Laparoscopic sterilizations conducted at Public facilities i.e. PHC, CHC, SDH, DH and other State owned public institutions (sum of items from 9.2.1.a to 9.2.1.d)",TOTAL,776,80,0,98,0,134,0,0,0,0,0,0,137,0,135,62,0,127,0,0,0,3
M9 [Family Planning],9.2.2,Number of Laparoscopic sterilizations conducted at Private facilities,TOTAL,23,0,0,0,0,0,1,0,0,1,0,0,0,NA,12,4,1,2,0,0,NA,2
M9 [Family Planning],9.3.1.a,Number of Mini-lap sterilizations conducted at PHCs,TOTAL,76,6,37,0,0,0,1,11,0,0,0,0,0,14,0,0,1,0,4,0,0,2
M9 [Family Planning],9.3.1.b,Number of Mini-lap sterilizations conducted at CHCs,TOTAL,344,0,18,6,26,0,40,16,7,26,39,25,0,0,0,11,30,0,37,11,47,5
M9 [Family Planning],9.3.1.c,Number of Mini-lap sterilizations conducted at SDHs or DHs,TOTAL,746,1,94,0,35,0,17,71,82,48,29,20,0,10,0,0,40,0,91,55,98,55
M9 [Family Planning],9.3.1.d,Number of Mini-lap sterilizations conducted at other State owned public institutions,TOTAL,NA,NA,NA,NA,NA,NA,NA,NA,NA,NA,NA,NA,NA,NA,NA,NA,NA,NA,NA,NA,NA,NA
M9 [Family Planning],9.3.1.e,"Total Number of Mini-lap sterilizations conducted at Public facilities i.e. PHC, CHC, SDH, DH and other State owned public institutions (sum of items from 9.3.1.a to 9.3.1.d)",TOTAL,1166,7,149,6,61,0,58,98,89,74,68,45,0,24,0,11,71,0,132,66,145,62
M9 [Family Planning],9.3.2,Number of Mini-lap sterilizations conducted at Private facilities,TOTAL,436,1,19,0,22,0,247,0,11,19,0,12,0,NA,5,5,49,0,9,11,10,16
M9 [Family Planning],9.4.1.a,Number of Post-Partum sterilizations conducted at PHCs,TOTAL,17,8,0,0,0,8,0,0,0,0,0,0,0,0,0,0,1,0,0,0,0,0
M9 [Family Planning],9.4.1.b,Number of Post-Partum sterilizations conducted at CHCs,TOTAL,30,0,1,7,2,0,4,0,0,0,5,1,0,0,0,0,0,0,0,10,0,0
M9 [Family Planning],9.4.1.c,Number of Post-Partum sterilizations conducted at SDHs or DHs,TOTAL,340,22,5,22,8,12,16,20,11,0,25,25,14,0,0,39,9,6,31,17,12,46
M9 [Family Planning],9.4.1.d,Number of Post-Partum sterilizations conducted at other State owned public institutions,TOTAL,NA,NA,NA,NA,NA,NA,NA,NA,NA,NA,NA,NA,NA,NA,NA,NA,NA,NA,NA,NA,NA,NA
M9 [Family Planning],9.4.1.e,"Total Number of Post-Partum sterilizations conducted at Public facilities i.e. PHC, CHC, SDH, DH and other State owned public institutions (sum of items from 9.4.1.a to 9.4.1.d)",TOTAL,387,30,6,29,10,20,20,20,11,0,30,26,14,0,0,39,10,6,31,27,12,46
M9 [Family Planning],9.4.2,Number of Post-Partum sterilizations conducted at Private facilities,TOTAL,68,11,0,0,2,22,17,0,0,0,0,0,0,NA,2,0,0,7,0,0,NA,7
M9 [Family Planning],9.5.1.a,Number of IUCD Insertions conducted at SCs,TOTAL,9738,460,858,513,248,586,740,311,471,367,768,497,404,113,458,221,462,418,375,466,687,315
M9 [Family Planning],9.5.1.b,Number of IUCD Insertions conducted at PHCs,TOTAL,1002,35,28,103,17,38,39,55,18,53,136,82,10,8,10,36,154,42,11,57,42,28
M9 [Family Planning],9.5.1.c,Number of IUCD Insertions conducted at CHCs,TOTAL,1116,25,25,80,46,0,75,74,28,43,145,31,30,10,23,5,95,17,35,41,269,19
M9 [Family Planning],9.5.1.d,Number of IUCD Insertions conducted at SDHs or DHs,TOTAL,3062,24,210,155,42,27,86,389,136,77,158,42,109,8,281,10,559,37,173,82,217,240
M9 [Family Planning],9.5.1.e,Number of IUCD Insertions conducted at other State owned public institutions,TOTAL,NA,NA,NA,NA,NA,NA,NA,NA,NA,NA,NA,NA,NA,NA,NA,NA,NA,NA,NA,NA,NA,NA
M9 [Family Planning],9.5.1.f,"Total Number of IUCD Insertions conducted at Public facilities i.e. SC, PHC, CHC, SDH, DH and other State owned public institutions (sum of items from 9.5.1.a to 9.5.1.e)",TOTAL,14918,544,1121,851,353,651,940,829,653,540,1207,652,553,139,772,272,1270,514,594,646,1215,602
M9 [Family Planning],9.5.1A,"Out of above total, Post Partum (within 48 hours of delivery) IUCD insertions",TOTAL,4547,471,241,188,77,67,116,502,88,102,296,64,110,5,266,320,740,76,111,115,335,257
M9 [Family Planning],9.5.2,Number of IUCD Insertions conducted at Private facilities,TOTAL,2392,8,108,564,37,534,82,93,3,177,0,152,7,NA,25,35,281,13,213,15,NA,45
M9 [Family Planning],9.06,Number of IUCD removals,TOTAL,1538,85,98,141,23,43,190,64,42,70,72,63,47,20,45,45,66,82,86,96,77,83
M9 [Family Planning],9.07,Number of Oral Pills cycles distributed,TOTAL,86996,3799,3967,5676,2893,6054,4274,2007,2210,894,11519,5373,2133,833,3440,1575,6270,4218,5401,8725,2864,2871
M9 [Family Planning],9.08,Number of Condom pieces distributed,TOTAL,1981481,97028,72825,125158,93062,70661,57792,173548,30289,112270,92605,136139,61300,22936,82034,26924,155056,116688,71549,178781,185274,19562
M9 [Family Planning],9.09,Number of Centchroman (weekly) pills given,TOTAL,0,0,0,0,0,0,0,0,0,0,0,0,0,0,0,0,0,0,0,0,0,0
M9 [Family Planning],9.1,Number of Emergency Contraceptive Pills distributed,TOTAL,10823,143,66,4895,23,95,113,1240,31,19,110,173,578,5,94,48,610,144,1316,73,441,606
M9 [Family Planning],9.11.1.a,Number of cases of complications following male sterilization,TOTAL,9,0,0,0,0,0,0,0,0,0,3,1,0,0,0,0,4,0,1,0,0,0
M9 [Family Planning],9.11.1.b,Number of cases of complications following female sterilization,TOTAL,33,0,0,0,0,5,0,0,0,3,4,2,3,0,0,0,1,8,0,0,2,5
M9 [Family Planning],9.11.2.a,Number of failures following male sterilization,TOTAL,6,0,2,0,0,0,0,0,1,0,1,0,0,0,0,0,1,1,0,0,0,0
M9 [Family Planning],9.11.2.b,Number of failures following female sterilization,TOTAL,28,1,0,0,0,4,2,0,2,1,0,0,0,0,5,2,0,2,5,1,1,2
M9 [Family Planning],9.11.3.a,Number of deaths following male sterilization,TOTAL,0,0,0,0,0,0,0,0,0,0,0,0,0,0,0,0,0,0,0,0,0,0
M9 [Family Planning],9.11.3.b,Number of deaths following female sterilization,TOTAL,0,0,0,0,0,0,0,0,0,0,0,0,0,0,0,0,0,0,0,0,0,0
M9 [Family Planning],9.12,Number of Institutions having NSV trained doctors,TOTAL,44,4,2,1,2,6,2,1,NA,NA,2,5,4,NA,4,NA,NA,6,2,1,2,NA
M10 [CHILD IMMUNIZATION],10.1.01,Number of Infants (0 to 11 months old)received BCG immunisation,TOTAL,47547,1759,2536,3579,1659,4118,3227,1350,1996,2075,2801,1778,1902,2363,1566,1291,2505,1756,2759,2153,2538,1836
M10 [CHILD IMMUNIZATION],10.1.02,Number of Infants (0 to 11 months old) received DPT1 immunisation,TOTAL,416,0,0,0,2,168,84,0,0,0,1,0,0,18,28,13,13,0,0,6,38,45
M10 [CHILD IMMUNIZATION],10.1.03,Number of Infants (0 to 11 months old) received DPT2 immunisation,TOTAL,979,24,9,258,13,179,86,51,5,0,14,8,18,46,20,40,60,4,0,17,54,73
M10 [CHILD IMMUNIZATION],10.1.04,Number of Infants (0 to 11 months old) received DPT3 immunisation,TOTAL,1406,35,14,372,21,246,99,53,12,10,24,13,36,66,77,51,73,2,0,49,76,77
M10 [CHILD IMMUNIZATION],10.1.04A,Number of Infants (0 to 11 months old) received Pentavalent1 immunisation,TOTAL,43698,1738,2426,3654,1443,2914,2538,1410,2203,1791,2592,1562,1483,2167,2195,1204,2242,1491,2170,2054,2461,1960
M10 [CHILD IMMUNIZATION],10.1.04B,Number of Infants (0 to 11 months old) received Pentavalent2 immunisation,TOTAL,38770,1501,2223,3136,1243,2663,2390,1219,1876,1653,2188,1428,1234,1738,2018,1106,1939,1426,1933,2001,2114,1741
M10 [CHILD IMMUNIZATION],10.1.04C,Number of Infants (0 to 11 months old) received Pentavalent3 immunisation,TOTAL,34214,1310,2009,2819,1062,2872,2004,1080,1722,1470,1980,1209,1070,1226,1656,1051,1745,1135,1714,1632,1942,1506
M10 [CHILD IMMUNIZATION],10.1.05,Number of Infants (0 to 11 months old) received OPV 0 (Birth Dose),TOTAL,35869,1593,1275,2439,1041,2416,2303,937,2096,1562,2172,1283,998,1727,863,985,1484,1973,3519,1615,1670,1918
M10 [CHILD IMMUNIZATION],10.1.06,Number of Infants (0 to 11 months old) received OPV1 (First Dose),TOTAL,43389,1689,2421,3709,1434,3076,2548,1407,2184,1782,2537,1512,1483,2307,2188,1233,2322,1410,1872,2016,2258,2001
M10 [CHILD IMMUNIZATION],10.1.07,Number of Infants (0 to 11 months old) received OPV2 (Second Dose),TOTAL,38578,1469,2181,3271,1254,2869,2440,1245,1878,1608,2129,1392,1240,1775,2050,1158,1996,1313,1623,1981,1934,1772
M10 [CHILD IMMUNIZATION],10.1.08,Number of Infants (0 to 11 months old) received OPV3 (Third Dose),TOTAL,33798,1284,1960,3011,1060,2594,2106,1109,1723,1448,1940,1137,1107,1303,1726,1097,1794,1075,1326,1630,1830,1538
M10 [CHILD IMMUNIZATION],10.1.09A,Number of Infants (upto 48 hrs of age) received Hepatitis-B0 immunisation,TOTAL,23164,981,822,1477,664,1137,1348,763,1223,855,1435,809,1481,903,871,902,1038,1046,2209,1059,856,1285
M10 [CHILD IMMUNIZATION],10.1.09,Number of Infants (0 to 11 months old) received Hepatitis-B1 immunisation,TOTAL,362,0,14,26,3,98,11,15,0,40,1,0,0,0,24,5,18,2,0,6,34,65
M10 [CHILD IMMUNIZATION],10.1.10,Number of Infants (0 to 11 months old) received Hepatitis-B2 immunisation,TOTAL,1028,23,27,313,9,178,37,24,5,39,8,8,19,33,37,28,78,1,0,14,51,96
M10 [CHILD IMMUNIZATION],10.1.11,Number of Infants (0 to 11 months old) received Hepatitis-B3 immunisation,TOTAL,1620,31,63,470,30,236,100,31,17,122,35,13,34,24,64,28,121,2,0,45,66,88
M10 [CHILD IMMUNIZATION],10.1.12,Number of Infants (0 to 11 months old) received Measles immunisation (First Dose),TOTAL,41140,1703,2329,3329,1297,3313,2522,1365,1926,1927,2474,1579,1220,1691,1734,1122,2056,1229,2119,1951,2402,1852
M10 [CHILD IMMUNIZATION],10.1.12B,Number of Infants (more than 16 months old) received Measles immunisation (Second Dose),TOTAL,29658,1189,1403,2782,1008,2064,1881,1020,1254,1244,1735,1192,937,1088,1344,1032,1596,958,1323,1363,1680,1565
M10 [CHILD IMMUNIZATION],10.1A,No. of Children aged 9 to 12 months who received JE 1st dose,TOTAL,10734,1620,0,0,0,0,0,0,0,1757,2480,1555,0,0,0,0,1484,0,0,0,0,1838
M10 [CHILD IMMUNIZATION],10.1.13.a,Total number of male children (9 to 11 months old) fully immunised (BCG+DPT123/Pentavalent123+OPV123+Measles) during the month,TOTAL,20957,757,1322,1673,669,1426,1165,759,1057,1432,1309,863,667,855,830,465,1070,686,813,961,1270,908
M10 [CHILD IMMUNIZATION],10.1.13.b,Total number of female children (9 to 11 months old) fully immunised (BCG+DPT123/Pentavalent123+OPV123+Measles) during the month,TOTAL,17966,585,1069,1466,592,1283,1082,566,873,1306,1111,813,460,783,709,415,909,497,726,806,1091,824
M10 [CHILD IMMUNIZATION],10.1.13.c,Total number of children (9 to 11 months old) fully immunised (BCG+DPT123/Pentavalent123+OPV123+Measles) during the month (sum of items 10.1.13.a and 10.1.13.b),TOTAL,38923,1342,2391,3139,1261,2709,2247,1325,1930,2738,2420,1676,1127,1638,1539,880,1979,1183,1539,1767,2361,1732
M10 [CHILD IMMUNIZATION],10.2.1,Number of Infants (more than 16 months old) received DPT Booster dose,TOTAL,31924,1233,1911,3058,983,2295,2014,1033,1444,1548,2024,1200,993,1150,1379,1012,1749,1007,1194,1402,1788,1507
M10 [CHILD IMMUNIZATION],10.2.2,Number of Infants (more than 16 months old) received OPV Booster dose,TOTAL,31743,1233,1887,3069,979,2329,2011,1025,1442,1557,1995,1200,980,1164,1373,1012,1730,1009,1134,1407,1694,1513
M10 [CHILD IMMUNIZATION],10.2.3,"Number of Infants (more than 16 months old) received Measles, Mumps, Rubella (MMR) Vaccination",TOTAL,2,0,0,0,0,0,0,0,0,0,0,0,0,0,0,2,0,0,0,0,0,0
M10 [CHILD IMMUNIZATION],10.3.1.a,Total number of male children (12 to 23 months old) fully immunised (BCG+DPT123/Pentavalent123+OPV123+Measles) during the month,TOTAL,7370,305,612,780,149,484,237,309,191,686,412,170,491,451,298,123,670,16,3,239,621,123
M10 [CHILD IMMUNIZATION],10.3.1.b,Total number of female children (12 to 23 months old) fully immunised (BCG+DPT123/Pentavalent123+OPV123+Measles) during the month,TOTAL,6135,231,485,732,89,439,164,256,185,628,327,124,345,420,258,111,509,12,1,205,494,120
M10 [CHILD IMMUNIZATION],10.3.1.c,Total number of children (12 to 23 months old) fully immunised (BCG+DPT123+OPV123/Pentavalent123+Measles) during the month (sum of items 10.3.1.a and 10.3.1.b),TOTAL,13505,536,1097,1512,238,923,401,565,376,1314,739,294,836,871,556,234,1179,28,4,444,1115,243
M10 [CHILD IMMUNIZATION],10.3.2,Number of children (more than 5 years old) given DT5,TOTAL,35534,1348,2627,2121,1114,2464,2469,893,1684,1699,2549,1745,1089,804,946,1100,1752,821,799,1997,3816,1697
M10 [CHILD IMMUNIZATION],10.3.3,Number of children (more than 10 years old) given TT10,TOTAL,32782,1169,2179,2114,1289,1702,2419,603,1963,1350,2325,1696,892,767,774,1202,1673,1101,884,1722,3351,1607
M10 [CHILD IMMUNIZATION],10.3.4,Number of children (more than 16 years old) given TT16,TOTAL,25448,955,1693,1047,899,1285,2399,754,1508,914,1795,1314,839,455,618,1105,1399,878,966,1059,2194,1372
M10 [CHILD IMMUNIZATION],10.3.5.a,Number of cases of Abscess reported following immunisation [Adverse Event Following Immunisation (AEFI)],TOTAL,83,1,2,4,0,3,7,9,0,12,0,0,11,0,0,4,2,0,0,9,0,19
M10 [CHILD IMMUNIZATION],10.3.5.b,Number of cases of Death reported following immunisation [Adverse Event Following Immunisation (AEFI)],TOTAL,0,0,0,0,0,0,0,0,0,0,0,0,0,0,0,0,0,0,0,0,0,0
M10 [CHILD IMMUNIZATION],10.3.5.c,Number of cases of other complications reported following immunisation [Adverse Event Following Immunisation (AEFI)],TOTAL,418,17,5,53,6,1,16,46,5,17,26,10,118,2,0,3,12,1,0,48,1,31
M10 [CHILD IMMUNIZATION],10.4.1,Number of Immunisation sessions planned to be held during the month,TOTAL,21867,818,1531,1615,978,1054,1258,787,1148,874,1347,716,660,1178,1119,678,1123,792,807,1074,1205,1105
M10 [CHILD IMMUNIZATION],10.4.2,Number of Immunisation sessions held during the month,TOTAL,20946,823,1444,1596,923,995,1172,759,1109,831,1294,710,638,1117,973,703,1105,754,782,1035,1116,1067
M10 [CHILD IMMUNIZATION],10.4.3,Number of Immunisation sessions held during the month where ASHAs were present,TOTAL,13489,503,1076,340,569,528,884,584,826,646,869,498,540,784,616,300,652,575,501,741,756,701
M10 [CHILD IMMUNIZATION],10.5.1,Number of children (more than 16 months old) received Japanese Encephalitis (JE) vaccination,TOTAL,7462,1165,0,0,0,0,0,0,0,942,1434,1198,0,0,0,0,1129,0,0,0,0,1594
M11 [Number of Vitamin A doses],11.1.1,Number of children (9 months to 5 years old) administered 1st dose of Vitamin A (Dose-1),TOTAL,35484,1645,2165,2495,1255,1644,2280,1185,1838,1726,2502,1348,1215,1504,1561,1094,2034,1174,1189,1774,2239,1617
M11 [Number of Vitamin A doses],11.1.2,Number of children (9 months to 5 years old) were administered 5th dose of Vitamin A (Dose-5),TOTAL,17422,557,1129,532,573,760,1218,744,1232,939,1369,871,713,280,422,624,1045,922,707,818,1260,707
M11 [Number of Vitamin A doses],11.1.3,Number of children (9 months to 5 years old) administered 9th dose of Vitamin A (Dose-9),TOTAL,18428,747,1029,860,697,861,1234,657,1145,1306,1528,1067,632,286,369,626,1554,788,290,640,1325,787
M12 [Number of cases of Childhood Diseases reported during the month0-5 years:],12.1,Number of cases of Diptheria reported in children below 5 years of age,TOTAL,0,0,0,0,0,0,0,0,0,0,0,0,0,0,0,0,0,0,0,0,0,0
M12 [Number of cases of Childhood Diseases reported during the month0-5 years:],12.2,Number of cases of Pertusis reported in children below 5 years of age,TOTAL,0,0,0,0,0,0,0,0,0,0,0,0,0,0,0,0,0,0,0,0,0,0
M12 [Number of cases of Childhood Diseases reported during the month0-5 years:],12.3,Number of cases of Tetanus neonatarum reported in children below 5 years of age,TOTAL,0,0,0,0,0,0,0,0,0,0,0,0,0,0,0,0,0,0,0,0,0,0
M12 [Number of cases of Childhood Diseases reported during the month0-5 years:],12.4,Number of cases of Tetanus other than neonatarum reported in children below 5 years of age,TOTAL,0,0,0,0,0,0,0,0,0,0,0,0,0,0,0,0,0,0,0,0,0,0
M12 [Number of cases of Childhood Diseases reported during the month0-5 years:],12.5,Number of cases of Polio reported in children below 5 years of age,TOTAL,0,0,0,0,0,0,0,0,0,0,0,0,0,0,0,0,0,0,0,0,0,0
M12 [Number of cases of Childhood Diseases reported during the month0-5 years:],12.6,Number of cases of Measles reported in children below 5 years of age,TOTAL,1,0,0,0,0,0,0,1,0,0,0,0,0,0,0,0,0,0,0,0,0,0
M12 [Number of cases of Childhood Diseases reported during the month0-5 years:],12.7,Number of cases of Diarrhoea and Dehydration reported in children below 5 years of age,TOTAL,3343,21,83,1105,126,308,209,55,39,59,244,20,120,288,60,69,68,119,78,127,74,71
M12 [Number of cases of Childhood Diseases reported during the month0-5 years:],12.8,Number of cases of Malaria reported in children below 5 years of age,TOTAL,29,2,0,0,4,0,6,1,0,0,10,0,0,0,1,0,2,0,2,0,1,0
M12 [Number of cases of Childhood Diseases reported during the month0-5 years:],12.9,Number of children below 5 years of age admitted with Respiratory Infections,TOTAL,227,1,5,33,1,8,50,28,7,0,1,12,12,23,5,0,0,0,2,0,33,6
M13 [Blindness Control Programme],13.1,Number of Patients operated for cataract,TOTAL,2327,68,35,18,86,648,603,67,44,0,0,78,170,56,0,145,0,0,153,40,0,116
M13 [Blindness Control Programme],13.2,Number of Intraocular Lens(IOL) implantations,TOTAL,1625,68,35,0,86,648,218,67,40,0,0,0,42,56,88,0,0,0,136,35,0,106
M13 [Blindness Control Programme],13.3,Number of School children detected with Refractive errors,TOTAL,1332,34,198,16,55,0,397,0,0,56,0,0,11,73,41,150,0,25,230,10,0,36
M13 [Blindness Control Programme],13.4,Number of children provided free glasses,TOTAL,320,17,0,0,0,0,116,0,0,0,0,0,0,0,0,150,0,25,0,0,0,12
M13 [Blindness Control Programme],13.5,Number of eyes collected through eye donation,TOTAL,19,2,0,0,0,17,0,0,0,0,0,0,0,0,0,0,0,0,0,0,0,0
M13 [Blindness Control Programme],13.6,Number of eyes utilised for corneal transplant,TOTAL,11,1,0,0,0,10,0,0,0,0,0,0,0,0,0,0,0,0,0,0,0,0
M14 [Patient Services],14.01,Number of CHC or SDH or DH functioning as First Referral units (FRUs),TOTAL,16,1,NA,NA,2,2,4,1,NA,NA,1,NA,1,NA,NA,NA,NA,2,1,NA,NA,1
M14 [Patient Services],14.02,Number of PHCs functioning 24X7 with atleast 3 Staff Nurses,TOTAL,84,2,7,3,1,4,23,1,2,3,3,2,1,3,4,1,NA,4,5,5,2,8
M14 [Patient Services],14.03,Number of Anganwadi centres reported to have conducted VHNDs,TOTAL,6133,430,570,105,241,268,219,226,286,174,388,277,321,313,98,229,239,352,158,398,228,613
M14 [Patient Services],14.04,Number of facilities having a Rogi Kalyan Samiti (RKS),TOTAL,31,1,4,NA,2,3,11,2,NA,NA,1,NA,1,NA,NA,NA,NA,4,NA,1,NA,1
M14 [Patient Services],14.05,Number of RKS meetings held during the month,TOTAL,306,18,33,4,14,8,33,21,9,12,18,20,18,2,3,8,14,12,21,14,11,13
M14 [Patient Services],14.06,Number of facilities having Ambulance services (Assured Referral Services),TOTAL,91,5,7,2,3,6,21,3,NA,2,3,2,1,3,4,1,NA,6,5,5,2,10
M14 [Patient Services],14.07,Total Number of times the Ambulance was used for transporting patients during the month,TOTAL,26540,4226,1435,1217,418,1345,3275,1966,2872,160,632,1189,163,1741,120,307,379,1415,592,597,174,2317
M14 [Patient Services],14.08,Number of Institutions having Operational Sick New Born and Child Care Units (SNCU),TOTAL,9,1,1,NA,1,1,2,NA,NA,NA,NA,NA,NA,NA,NA,NA,NA,NA,1,1,NA,1
M14 [Patient Services],14.09,Number of functional Laproscopes in CHC/SDH/DH,TOTAL,170,7,14,9,7,7,11,10,10,8,9,7,9,4,6,5,5,6,8,10,9,9
M14 [Patient Services],14.10.1.a,Number of male patients admitted (Inpatients) during the month,1. Children,9780,707,426,796,384,226,1481,271,379,416,399,482,627,386,238,564,54,432,587,223,303,399
M14 [Patient Services],14.10.1.a,Number of male patients admitted (Inpatients) during the month,2. Adults,18668,1104,1653,714,491,2203,1934,736,315,415,281,636,642,392,34,581,1067,411,831,1743,416,2069
M14 [Patient Services],14.10.1.b,Number of female patients (Inpatients) admitted during the month,1. Children,9138,629,384,642,455,153,1446,180,483,441,345,416,536,446,205,512,47,395,433,195,345,450
M14 [Patient Services],14.10.1.b,Number of female patients (Inpatients) admitted during the month,2. Adults,34882,2014,2313,1842,1525,1052,2756,1406,1121,1094,1185,1606,1437,1023,35,1534,907,747,1955,4093,1162,4075
M14 [Patient Services],14.10.1.c,Total number of patients admitted (Inpatients) during the month (sum of items 14.10.1.a and 14.10.1.b),1. Children,18918,1336,810,1438,839,379,2927,451,862,857,744,898,1163,832,443,1076,101,827,1020,418,648,849
M14 [Patient Services],14.10.1.c,Total number of patients admitted (Inpatients) during the month (sum of items 14.10.1.a and 14.10.1.b),2. Adults,53550,3118,3966,2556,2016,3255,4690,2142,1436,1509,1466,2242,2079,1415,69,2115,1974,1158,2786,5836,1578,6144
M14 [Patient Services],14.10.2.a,Number of death cases of Inpatient males,TOTAL,223,21,1,26,16,0,33,0,2,1,0,19,25,18,9,27,0,5,0,15,5,0
M14 [Patient Services],14.10.2.b,Number of death cases of Inpatient females,TOTAL,128,15,0,16,6,0,24,0,0,1,0,9,10,18,8,11,0,1,0,4,5,0
M14 [Patient Services],14.10.2.c,Number of cases of death of Inpatients (sum of items 14.10.2.a and 14.10.2.b),TOTAL,351,36,1,42,22,0,57,0,2,2,0,28,35,36,17,38,0,6,0,19,10,0
M14 [Patient Services],14.11,In-Patient Head Count at midnight,TOTAL,0,0,0,0,0,0,0,0,0,0,0,0,0,0,0,0,0,0,0,0,0,0
M14 [Patient Services],14.12.1,OPD attendance (All),TOTAL,1691429,93868,90355,171057,53768,88180,133236,99468,58394,75556,93877,73678,61177,30431,35232,106657,67680,44118,79560,67270,81907,85960
M14 [Patient Services],14.13.1,Number of major operations carried out using general or spinal anaesthesia,TOTAL,2985,148,240,478,47,247,259,70,41,0,0,119,69,59,6,368,143,89,38,191,28,345
M14 [Patient Services],14.13.1A,"Out of 14.13.1,Gynecology- Hysterectomy surgeries",TOTAL,145,0,0,10,3,48,7,0,2,0,0,7,4,0,1,19,0,5,4,0,0,35
M14 [Patient Services],14.13.2,Number of minor operations carried out without anaesthesia or using local anaesthesia,TOTAL,1867,32,92,124,25,247,342,28,51,0,133,72,43,2,11,260,149,36,58,11,3,148
M14 [Patient Services],14.14.a,Number of patients given AYUSH treatment,TOTAL,143493,9960,3553,4728,5625,7676,12189,5962,5559,7691,7246,5571,8854,4708,4233,10784,4146,4921,11010,7144,5410,6523
M14 [Patient Services],14.14.b,Number of patients on whom Dental Procedure was conducted,TOTAL,61559,3791,6235,2055,2201,2710,4372,3297,4073,2065,3237,4960,2072,1913,1227,2609,1780,1998,3657,1480,3479,2348
M14 [Patient Services],14.14.c,Number of Adolescents counselled,TOTAL,6963,1502,250,946,60,209,269,738,28,79,440,332,601,213,17,319,8,80,387,188,140,157
M15 [Laboratory Testing],15.1.1.a,Number of Haemoglobin (Hb) tests conducted,TOTAL,123850,6955,4305,14835,4105,5291,8284,5829,5410,6786,8654,4801,4503,2288,2239,6840,2844,3140,5326,4799,4876,11740
M15 [Laboratory Testing],15.1.1.b,"Out of the total number of Hb tests conducted, number of cases having Hb less than 7gm/dl",TOTAL,6877,330,263,1062,271,200,547,225,431,679,429,225,354,247,93,176,205,106,172,247,161,454
M15 [Laboratory Testing],15.1.2.a,Number of HIV tests conducted on males,1. Number tested,9874,630,972,116,309,502,1140,496,404,448,294,476,183,70,112,499,236,306,489,380,909,903
M15 [Laboratory Testing],15.1.2.a,Number of HIV tests conducted on males,2. Number Positive,107,12,3,1,1,3,16,14,9,10,3,4,0,0,2,1,9,0,1,3,6,9
M15 [Laboratory Testing],15.1.2.b,Number of HIV tests conducted on Female-Non ANC (i.e. non pregnant females),1. Number tested,7328,377,544,66,351,248,398,285,311,322,264,313,399,212,334,533,237,341,381,486,460,466
M15 [Laboratory Testing],15.1.2.b,Number of HIV tests conducted on Female-Non ANC (i.e. non pregnant females),2. Number Positive,51,6,3,1,4,4,10,5,5,2,4,0,0,0,1,1,0,1,1,0,1,2
M15 [Laboratory Testing],15.1.2.c,Number of HIV tests conducted on Female with ANC (i.e. pregnant females),1. Number tested,14442,907,787,243,1022,642,1633,940,542,1036,1047,785,658,320,318,746,292,347,763,501,452,461
M15 [Laboratory Testing],15.1.2.c,Number of HIV tests conducted on Female with ANC (i.e. pregnant females),2. Number Positive,39,2,1,1,1,1,3,2,2,1,1,0,1,0,0,0,1,0,22,0,0,0
M15 [Laboratory Testing],15.1.2.d,Total number of HIV tests conducted (sum of items 15.1.2.a to 15.1.2.c),1. Number tested,31644,1914,2303,425,1682,1392,3171,1721,1257,1806,1605,1574,1240,602,764,1778,765,994,1633,1367,1821,1830
M15 [Laboratory Testing],15.1.2.d,Total number of HIV tests conducted (sum of items 15.1.2.a to 15.1.2.c),2. Number Positive,197,20,7,3,6,8,29,21,16,13,8,4,1,0,3,2,10,1,24,3,7,11
M15 [Laboratory Testing],15.2,Number of Widal tests conducted,Number tested,12029,841,472,1836,384,1193,567,646,409,82,487,468,630,147,268,700,269,452,413,448,594,723
M15 [Laboratory Testing],15.3.a,Number of VDRL tests conducted on males,Number tested,1405,41,18,15,47,174,136,36,136,11,3,23,1,0,16,139,26,182,182,129,60,30
M15 [Laboratory Testing],15.3.b,Number of VDRL tests conducted on Female-Non ANC (i.e. non pregnant females),Number tested,1883,80,51,26,108,29,134,77,102,379,10,41,0,0,125,206,3,170,116,216,3,7
M15 [Laboratory Testing],15.3.c,Number of VDRL tests conducted on Female with ANC (i.e. pregnant females),Number tested,12198,1055,42,459,466,766,1298,818,578,1229,1060,473,6,0,337,390,316,396,572,494,836,607
M15 [Laboratory Testing],15.3.d,Total number of VDRL tests conducted (sum of items 15.3.a to 15.3.c),Number tested,15486,1176,111,500,621,969,1568,931,816,1619,1073,537,7,0,478,735,345,748,870,839,899,644
M15 [Laboratory Testing],15.4.1,Number of blood smears examined for Malaria,TOTAL,172996,6887,11995,8200,7374,3055,14424,7906,8610,7650,11755,5037,5814,5765,6881,7279,11508,4835,7484,7672,15556,7309
M15 [Laboratory Testing],15.4.2,"Out of blood smears examined for malaria, number of blood smears tested positive for Plasmodium Vivax",TOTAL,1739,27,33,40,42,12,102,49,7,6,30,12,7,92,518,21,31,9,17,190,449,45
M15 [Laboratory Testing],15.4.3,"Out of blood smears examined for malaria, number of blood smears tested positive for Plasmodium Falciparum",TOTAL,33,2,0,0,0,0,1,0,1,0,4,0,0,11,5,1,3,0,0,0,1,4
M16 [Stock Position (During the month)],16.1.1,Stock position of DPT vaccines,1. Balance From Previous Month,100180,200,4700,4250,NA,5800,5550,2980,NA,14000,5370,NA,NA,3000,18500,NA,11990,NA,NA,12650,790,10400
M16 [Stock Position (During the month)],16.1.1,Stock position of DPT vaccines,2. Stocks Received,34500,4000,0,8000,NA,NA,5000,2000,NA,0,7500,NA,NA,0,0,NA,NA,NA,NA,5500,0,2500
M16 [Stock Position (During the month)],16.1.1,Stock position of DPT vaccines,3. Unusable Stock,1630,0,0,NA,NA,NA,0,1190,NA,0,NA,NA,NA,0,0,NA,NA,NA,NA,0,440,NA
M16 [Stock Position (During the month)],16.1.1,Stock position of DPT vaccines,4. Stock Distributed,51820,0,2650,6600,NA,NA,6940,3790,NA,3150,6800,NA,NA,3000,3500,NA,4140,NA,NA,4800,350,6100
M16 [Stock Position (During the month)],16.1.1,Stock position of DPT vaccines,5. Total Stock,81230,4200,2050,5650,0,5800,3610,0,0,10850,6070,0,0,0,15000,0,7850,0,0,13350,0,6800
M16 [Stock Position (During the month)],16.1.1A,Stock Position of Pentavalent,1. Balance From Previous Month,51660,11910,NA,3250,NA,NA,NA,NA,NA,NA,NA,NA,NA,6900,NA,NA,19000,NA,NA,NA,NA,10600
M16 [Stock Position (During the month)],16.1.1A,Stock Position of Pentavalent,2. Stocks Received,34000,0,NA,12000,NA,NA,NA,NA,NA,NA,NA,NA,NA,6000,NA,NA,10000,NA,NA,NA,NA,6000
M16 [Stock Position (During the month)],16.1.1A,Stock Position of Pentavalent,3. Unusable Stock,0,0,NA,NA,NA,NA,NA,NA,NA,NA,NA,NA,NA,0,NA,NA,NA,NA,NA,NA,NA,NA
M16 [Stock Position (During the month)],16.1.1A,Stock Position of Pentavalent,4. Stock Distributed,34800,0,NA,10850,NA,NA,NA,NA,NA,NA,NA,NA,NA,8400,NA,NA,7950,NA,NA,NA,NA,7600
M16 [Stock Position (During the month)],16.1.1A,Stock Position of Pentavalent,5. Total Stock,50860,11910,0,4400,0,0,0,0,0,0,0,0,0,4500,0,0,21050,0,0,0,0,9000
M16 [Stock Position (During the month)],16.1.2,Stock position of OPV vaccines,1. Balance From Previous Month,191880,14520,7040,14200,NA,2500,48580,620,NA,12500,11300,NA,NA,12000,2000,NA,32020,NA,NA,20500,0,14100
M16 [Stock Position (During the month)],16.1.2,Stock position of OPV vaccines,2. Stocks Received,178000,20000,20000,20000,NA,NA,0,15000,NA,20000,10000,NA,NA,10000,15000,NA,20000,NA,NA,10000,3000,15000
M16 [Stock Position (During the month)],16.1.2,Stock position of OPV vaccines,3. Unusable Stock,2085,0,0,NA,NA,NA,0,120,NA,0,NA,NA,NA,0,0,NA,NA,NA,NA,0,1965,NA
M16 [Stock Position (During the month)],16.1.2,Stock position of OPV vaccines,4. Stock Distributed,192055,2000,17940,22400,NA,NA,30120,15500,NA,9000,19620,NA,NA,16500,15500,NA,18640,NA,NA,9400,1035,14400
M16 [Stock Position (During the month)],16.1.2,Stock position of OPV vaccines,5. Total Stock,175740,32520,9100,11800,0,2500,18460,0,0,23500,1680,0,0,5500,1500,0,33380,0,0,21100,0,14700
M16 [Stock Position (During the month)],16.1.3,Stock position of TT vaccines,1. Balance From Previous Month,127690,12300,9800,12750,NA,9100,11050,1700,NA,10000,7200,NA,NA,7000,750,NA,16490,NA,NA,18600,850,10100
M16 [Stock Position (During the month)],16.1.3,Stock position of TT vaccines,2. Stocks Received,116000,16000,15000,8000,NA,NA,0,8000,NA,15000,10000,NA,NA,10000,10000,NA,10000,NA,NA,2500,1500,10000
M16 [Stock Position (During the month)],16.1.3,Stock position of TT vaccines,3. Unusable Stock,5115,0,0,NA,NA,NA,0,3860,NA,0,NA,NA,NA,0,0,NA,NA,NA,NA,0,1255,NA
M16 [Stock Position (During the month)],16.1.3,Stock position of TT vaccines,4. Stock Distributed,92475,NA,8810,10450,NA,NA,10240,5840,NA,5500,9790,NA,NA,10000,9000,NA,7950,NA,NA,4500,1095,9300
M16 [Stock Position (During the month)],16.1.3,Stock position of TT vaccines,5. Total Stock,146100,28300,15990,10300,0,9100,810,0,0,19500,7410,0,0,7000,1750,0,18540,0,0,16600,0,10800
M16 [Stock Position (During the month)],16.1.4,Stock position of DT vaccines,1. Balance From Previous Month,0,NA,0,NA,NA,NA,0,NA,NA,0,0,NA,NA,0,0,NA,NA,NA,NA,0,0,NA
M16 [Stock Position (During the month)],16.1.4,Stock position of DT vaccines,2. Stocks Received,0,NA,0,NA,NA,NA,0,NA,NA,0,0,NA,NA,0,0,NA,NA,NA,NA,0,0,NA
M16 [Stock Position (During the month)],16.1.4,Stock position of DT vaccines,3. Unusable Stock,0,NA,0,NA,NA,NA,0,NA,NA,0,NA,NA,NA,0,0,NA,NA,NA,NA,0,0,NA
M16 [Stock Position (During the month)],16.1.4,Stock position of DT vaccines,4. Stock Distributed,0,NA,0,NA,NA,NA,0,NA,NA,0,0,NA,NA,0,0,NA,NA,NA,NA,0,0,NA
M16 [Stock Position (During the month)],16.1.4,Stock position of DT vaccines,5. Total Stock,0,0,0,0,0,0,0,0,0,0,0,0,0,0,0,0,0,0,0,0,0,0
M16 [Stock Position (During the month)],16.1.5,Stock position of BCG vaccines,1. Balance From Previous Month,33410,1500,1250,2900,NA,8000,1600,70,NA,3400,1050,NA,NA,1850,0,NA,4150,NA,NA,3600,190,3850
M16 [Stock Position (During the month)],16.1.5,Stock position of BCG vaccines,2. Stocks Received,46120,3000,3500,6000,NA,NA,5000,5200,NA,3000,6000,NA,NA,4500,2000,NA,2700,NA,NA,2000,720,2500
M16 [Stock Position (During the month)],16.1.5,Stock position of BCG vaccines,3. Unusable Stock,290,0,0,NA,NA,NA,0,80,NA,0,NA,NA,NA,0,0,NA,NA,NA,NA,0,210,NA
M16 [Stock Position (During the month)],16.1.5,Stock position of BCG vaccines,4. Stock Distributed,59700,NA,4710,8150,NA,NA,6600,5190,NA,3800,6700,NA,NA,6350,2000,NA,6850,NA,NA,3600,700,5050
M16 [Stock Position (During the month)],16.1.5,Stock position of BCG vaccines,5. Total Stock,19540,4500,40,750,0,8000,0,0,0,2600,350,0,0,0,0,0,0,0,0,2000,0,1300
M16 [Stock Position (During the month)],16.1.6,Stock position of Measles vaccines,1. Balance From Previous Month,64585,90,5010,450,NA,2000,4900,1550,NA,10050,3100,NA,NA,5500,120,NA,13130,NA,NA,11250,1285,6150
M16 [Stock Position (During the month)],16.1.6,Stock position of Measles vaccines,2. Stocks Received,79085,10000,8000,15000,NA,NA,5000,5000,NA,5000,10000,NA,NA,0,5000,NA,NA,NA,NA,5000,1085,10000
M16 [Stock Position (During the month)],16.1.6,Stock position of Measles vaccines,3. Unusable Stock,2990,0,0,NA,NA,NA,0,1925,NA,0,NA,NA,NA,0,0,NA,NA,NA,NA,0,1065,NA
M16 [Stock Position (During the month)],16.1.6,Stock position of Measles vaccines,4. Stock Distributed,68425,NA,6650,9500,NA,NA,8370,4625,NA,2650,8325,NA,NA,5250,5000,NA,6100,NA,NA,3700,1305,6950
M16 [Stock Position (During the month)],16.1.6,Stock position of Measles vaccines,5. Total Stock,72255,10090,6360,5950,0,2000,1530,0,0,12400,4775,0,0,250,120,0,7030,0,0,12550,0,9200
M16 [Stock Position (During the month)],16.1.7,Stock position of JE vaccines,1. Balance From Previous Month,19380,1450,0,NA,NA,NA,0,NA,NA,9900,1630,NA,NA,0,0,NA,1650,NA,NA,0,0,4750
M16 [Stock Position (During the month)],16.1.7,Stock position of JE vaccines,2. Stocks Received,35000,0,0,NA,NA,NA,0,NA,NA,5000,10000,NA,NA,0,0,NA,10000,NA,NA,0,0,10000
M16 [Stock Position (During the month)],16.1.7,Stock position of JE vaccines,3. Unusable Stock,0,0,0,NA,NA,NA,0,NA,NA,0,NA,NA,NA,0,0,NA,NA,NA,NA,0,0,NA
M16 [Stock Position (During the month)],16.1.7,Stock position of JE vaccines,4. Stock Distributed,21800,0,0,NA,NA,NA,0,NA,NA,3800,6950,NA,NA,0,0,NA,5050,NA,NA,0,0,6000
M16 [Stock Position (During the month)],16.1.7,Stock position of JE vaccines,5. Total Stock,32580,1450,0,0,0,0,0,0,0,11100,4680,0,0,0,0,0,6600,0,0,0,0,8750
M16 [Stock Position (During the month)],16.1.8,Stock position of Hepatitis B vaccines,1. Balance From Previous Month,141314,16500,14650,2700,NA,7778,4050,21070,NA,18700,1710,NA,NA,5500,12000,NA,27860,NA,NA,3270,1726,3800
M16 [Stock Position (During the month)],16.1.8,Stock position of Hepatitis B vaccines,2. Stocks Received,12000,0,0,12000,NA,NA,0,NA,NA,0,0,NA,NA,0,0,NA,NA,NA,NA,0,0,NA
M16 [Stock Position (During the month)],16.1.8,Stock position of Hepatitis B vaccines,3. Unusable Stock,21546,0,800,NA,NA,NA,0,19220,NA,0,NA,NA,NA,0,0,NA,NA,NA,NA,0,1526,NA
M16 [Stock Position (During the month)],16.1.8,Stock position of Hepatitis B vaccines,4. Stock Distributed,18000,1000,0,3650,NA,NA,2150,1850,NA,1000,1000,NA,NA,800,2000,NA,2650,NA,NA,400,200,1300
M16 [Stock Position (During the month)],16.1.8,Stock position of Hepatitis B vaccines,5. Total Stock,113768,15500,13850,11050,0,7778,1900,0,0,17700,710,0,0,4700,10000,0,25210,0,0,2870,0,2500
M16 [Stock Position (During the month)],16.2.1,Stock Position of IU 380 A (to be used for Family Planning),1. Balance From Previous Month,37482,3750,3750,NA,NA,2000,0,2230,NA,92,NA,NA,NA,100,6050,NA,NA,NA,NA,5820,6000,7690
M16 [Stock Position (During the month)],16.2.1,Stock Position of IU 380 A (to be used for Family Planning),2. Stocks Received,10550,0,0,3000,NA,NA,2500,0,NA,5050,NA,NA,NA,0,0,NA,NA,NA,NA,0,0,NA
M16 [Stock Position (During the month)],16.2.1,Stock Position of IU 380 A (to be used for Family Planning),3. Unusable Stock,7530,0,0,NA,NA,NA,0,1530,NA,0,NA,NA,NA,0,0,NA,NA,NA,NA,0,6000,NA
M16 [Stock Position (During the month)],16.2.1,Stock Position of IU 380 A (to be used for Family Planning),4. Stock Distributed,5642,500,1100,600,NA,NA,0,700,NA,692,NA,NA,NA,50,1500,NA,NA,NA,NA,0,0,500
M16 [Stock Position (During the month)],16.2.1,Stock Position of IU 380 A (to be used for Family Planning),5. Total Stock,34860,3250,2650,2400,0,2000,2500,0,0,4450,0,0,0,50,4550,0,0,0,0,5820,0,7190
M16 [Stock Position (During the month)],16.2.2,Stock Position of Condoms (to be used for Family Planning),1. Balance From Previous Month,1000660,10080,197520,59680,NA,95000,0,161320,NA,54860,NA,NA,NA,5040,207840,NA,NA,NA,NA,41440,114000,53880
M16 [Stock Position (During the month)],16.2.2,Stock Position of Condoms (to be used for Family Planning),2. Stocks Received,90720,0,0,NA,NA,NA,0,0,NA,90720,NA,NA,NA,0,0,NA,NA,NA,NA,0,0,NA
M16 [Stock Position (During the month)],16.2.2,Stock Position of Condoms (to be used for Family Planning),3. Unusable Stock,273820,0,0,NA,NA,NA,0,159820,NA,0,NA,NA,NA,0,0,NA,NA,NA,NA,0,114000,NA
M16 [Stock Position (During the month)],16.2.2,Stock Position of Condoms (to be used for Family Planning),4. Stock Distributed,203980,5040,50400,42000,NA,NA,0,1500,NA,0,NA,NA,NA,0,100000,NA,NA,NA,NA,0,0,5040
M16 [Stock Position (During the month)],16.2.2,Stock Position of Condoms (to be used for Family Planning),5. Total Stock,613580,5040,147120,17680,0,95000,0,0,0,145580,0,0,0,5040,107840,0,0,0,0,41440,0,48840
M16 [Stock Position (During the month)],16.2.3,Stock Position of Oral Contraceptive (to be used for Family Planning),1. Balance From Previous Month,139240,6400,16850,1940,NA,48000,17300,10800,NA,250,NA,NA,NA,300,9000,NA,NA,NA,NA,13300,0,15100
M16 [Stock Position (During the month)],16.2.3,Stock Position of Oral Contraceptive (to be used for Family Planning),2. Stocks Received,7200,0,0,NA,NA,NA,0,0,NA,0,NA,NA,NA,7200,0,NA,NA,NA,NA,0,0,NA
M16 [Stock Position (During the month)],16.2.3,Stock Position of Oral Contraceptive (to be used for Family Planning),3. Unusable Stock,8600,0,0,NA,NA,NA,0,8600,NA,0,NA,NA,NA,0,0,NA,NA,NA,NA,0,0,NA
M16 [Stock Position (During the month)],16.2.3,Stock Position of Oral Contraceptive (to be used for Family Planning),4. Stock Distributed,21040,500,2200,1340,NA,NA,1500,2200,NA,0,NA,NA,NA,7200,5000,NA,NA,NA,NA,0,0,1100
M16 [Stock Position (During the month)],16.2.3,Stock Position of Oral Contraceptive (to be used for Family Planning),5. Total Stock,116800,5900,14650,600,0,48000,15800,0,0,250,0,0,0,300,4000,0,0,0,0,13300,0,14000
M16 [Stock Position (During the month)],16.2.4,Stock Position of Emergency Contraceptive (to be used for Family Planning),1. Balance From Previous Month,9950,90,213,1540,NA,3000,1220,150,NA,0,NA,NA,NA,0,680,NA,NA,NA,NA,100,2857,100
M16 [Stock Position (During the month)],16.2.4,Stock Position of Emergency Contraceptive (to be used for Family Planning),2. Stocks Received,900,0,900,NA,NA,NA,0,0,NA,0,NA,NA,NA,0,0,NA,NA,NA,NA,0,0,NA
M16 [Stock Position (During the month)],16.2.4,Stock Position of Emergency Contraceptive (to be used for Family Planning),3. Unusable Stock,3007,0,0,NA,NA,NA,0,150,NA,0,NA,NA,NA,0,0,NA,NA,NA,NA,0,2857,NA
M16 [Stock Position (During the month)],16.2.4,Stock Position of Emergency Contraceptive (to be used for Family Planning),4. Stock Distributed,1306,0,446,780,NA,NA,0,0,NA,0,NA,NA,NA,0,80,NA,NA,NA,NA,0,0,NA
M16 [Stock Position (During the month)],16.2.4,Stock Position of Emergency Contraceptive (to be used for Family Planning),5. Total Stock,6537,90,667,760,0,3000,1220,0,0,0,0,0,0,0,600,0,0,0,0,100,0,100
M16 [Stock Position (During the month)],16.2.5,Stock Position of Tubal Rings (to be used for Family Planning),1. Balance From Previous Month,18251,3400,0,12250,NA,NA,201,NA,NA,0,NA,NA,NA,0,2400,NA,NA,NA,NA,0,0,NA
M16 [Stock Position (During the month)],16.2.5,Stock Position of Tubal Rings (to be used for Family Planning),2. Stocks Received,0,0,0,NA,NA,NA,0,NA,NA,0,NA,NA,NA,0,0,NA,NA,NA,NA,0,0,NA
M16 [Stock Position (During the month)],16.2.5,Stock Position of Tubal Rings (to be used for Family Planning),3. Unusable Stock,0,0,0,NA,NA,NA,0,NA,NA,0,NA,NA,NA,0,0,NA,NA,NA,NA,0,0,NA
M16 [Stock Position (During the month)],16.2.5,Stock Position of Tubal Rings (to be used for Family Planning),4. Stock Distributed,200,200,0,NA,NA,NA,0,NA,NA,0,NA,NA,NA,0,0,NA,NA,NA,NA,0,0,NA
M16 [Stock Position (During the month)],16.2.5,Stock Position of Tubal Rings (to be used for Family Planning),5. Total Stock,18051,3200,0,12250,0,0,201,0,0,0,0,0,0,0,2400,0,0,0,0,0,0,0
M16 [Stock Position (During the month)],16.3.01,Stock Position of Oxytocin Injection,1. Balance From Previous Month,13640,NA,0,1200,NA,1950,0,4220,NA,0,NA,NA,NA,0,0,NA,NA,NA,NA,5990,280,NA
M16 [Stock Position (During the month)],16.3.01,Stock Position of Oxytocin Injection,2. Stocks Received,0,NA,0,NA,NA,NA,0,0,NA,0,NA,NA,NA,0,0,NA,NA,NA,NA,0,0,NA
M16 [Stock Position (During the month)],16.3.01,Stock Position of Oxytocin Injection,3. Unusable Stock,3500,NA,0,NA,NA,NA,0,3220,NA,0,NA,NA,NA,0,0,NA,NA,NA,NA,0,280,NA
M16 [Stock Position (During the month)],16.3.01,Stock Position of Oxytocin Injection,4. Stock Distributed,2100,NA,0,1100,NA,NA,0,1000,NA,0,NA,NA,NA,0,0,NA,NA,NA,NA,0,0,NA
M16 [Stock Position (During the month)],16.3.01,Stock Position of Oxytocin Injection,5. Total Stock,8040,0,0,100,0,1950,0,0,0,0,0,0,0,0,0,0,0,0,0,5990,0,0
M16 [Stock Position (During the month)],16.3.02,Stock Position of Gloves,1. Balance From Previous Month,7600,NA,1325,3225,NA,1800,0,NA,NA,0,NA,NA,NA,0,0,NA,NA,NA,NA,0,1250,NA
M16 [Stock Position (During the month)],16.3.02,Stock Position of Gloves,2. Stocks Received,0,NA,0,NA,NA,NA,0,NA,NA,0,NA,NA,NA,0,0,NA,NA,NA,NA,0,0,NA
M16 [Stock Position (During the month)],16.3.02,Stock Position of Gloves,3. Unusable Stock,1250,NA,0,NA,NA,NA,0,NA,NA,0,NA,NA,NA,0,NA,NA,NA,NA,NA,0,1250,NA
M16 [Stock Position (During the month)],16.3.02,Stock Position of Gloves,4. Stock Distributed,3925,NA,700,3225,NA,NA,0,NA,NA,0,NA,NA,NA,0,0,NA,NA,NA,NA,0,0,NA
M16 [Stock Position (During the month)],16.3.02,Stock Position of Gloves,5. Total Stock,2425,0,625,0,0,1800,0,0,0,0,0,0,0,0,0,0,0,0,0,0,0,0
M16 [Stock Position (During the month)],16.3.03,Stock Position of MVA Syringes,1. Balance From Previous Month,764,NA,750,10,NA,NA,0,NA,NA,0,NA,NA,NA,4,0,NA,NA,NA,NA,0,0,NA
M16 [Stock Position (During the month)],16.3.03,Stock Position of MVA Syringes,2. Stocks Received,0,NA,0,NA,NA,NA,0,NA,NA,0,NA,NA,NA,0,0,NA,NA,NA,NA,0,0,NA
M16 [Stock Position (During the month)],16.3.03,Stock Position of MVA Syringes,3. Unusable Stock,0,NA,0,NA,NA,NA,0,NA,NA,0,NA,NA,NA,0,0,NA,NA,NA,NA,0,0,NA
M16 [Stock Position (During the month)],16.3.03,Stock Position of MVA Syringes,4. Stock Distributed,761,NA,750,10,NA,NA,0,NA,NA,0,NA,NA,NA,1,0,NA,NA,NA,NA,0,0,NA
M16 [Stock Position (During the month)],16.3.03,Stock Position of MVA Syringes,5. Total Stock,3,0,0,0,0,0,0,0,0,0,0,0,0,3,0,0,0,0,0,0,0,0
M16 [Stock Position (During the month)],16.3.04,Stock Position of Fluconazole Tablets,1. Balance From Previous Month,17900,NA,0,NA,NA,7000,0,NA,NA,0,NA,NA,NA,9000,0,NA,NA,NA,NA,0,1900,NA
M16 [Stock Position (During the month)],16.3.04,Stock Position of Fluconazole Tablets,2. Stocks Received,83600,83600,0,NA,NA,NA,0,NA,NA,0,NA,NA,NA,0,0,NA,NA,NA,NA,0,0,NA
M16 [Stock Position (During the month)],16.3.04,Stock Position of Fluconazole Tablets,3. Unusable Stock,1900,0,0,NA,NA,NA,0,NA,NA,0,NA,NA,NA,0,0,NA,NA,NA,NA,0,1900,NA
M16 [Stock Position (During the month)],16.3.04,Stock Position of Fluconazole Tablets,4. Stock Distributed,2000,0,0,NA,NA,NA,0,NA,NA,0,NA,NA,NA,2000,0,NA,NA,NA,NA,0,0,NA
M16 [Stock Position (During the month)],16.3.04,Stock Position of Fluconazole Tablets,5. Total Stock,97600,83600,0,0,0,7000,0,0,0,0,0,0,0,7000,0,0,0,0,0,0,0,0
M16 [Stock Position (During the month)],16.3.05,Stock Position of Blood Transfusion Sets,1. Balance From Previous Month,635,NA,0,500,NA,35,0,100,NA,0,NA,NA,NA,0,0,NA,NA,NA,NA,0,0,NA
M16 [Stock Position (During the month)],16.3.05,Stock Position of Blood Transfusion Sets,2. Stocks Received,0,NA,0,NA,NA,NA,0,0,NA,0,NA,NA,NA,0,0,NA,NA,NA,NA,0,0,NA
M16 [Stock Position (During the month)],16.3.05,Stock Position of Blood Transfusion Sets,3. Unusable Stock,100,NA,0,NA,NA,NA,0,100,NA,0,NA,NA,NA,0,0,NA,NA,NA,NA,0,0,NA
M16 [Stock Position (During the month)],16.3.05,Stock Position of Blood Transfusion Sets,4. Stock Distributed,325,NA,0,325,NA,NA,0,0,NA,0,NA,NA,NA,0,0,NA,NA,NA,NA,0,0,NA
M16 [Stock Position (During the month)],16.3.05,Stock Position of Blood Transfusion Sets,5. Total Stock,210,0,0,175,0,35,0,0,0,0,0,0,0,0,0,0,0,0,0,0,0,0
M16 [Stock Position (During the month)],16.3.06,Stock Position of Gluteraldehyde solution of 2% concentration,1. Balance From Previous Month,0,NA,0,NA,NA,NA,0,NA,NA,0,NA,NA,NA,0,0,NA,NA,NA,NA,0,0,NA
M16 [Stock Position (During the month)],16.3.06,Stock Position of Gluteraldehyde solution of 2% concentration,2. Stocks Received,0,NA,0,NA,NA,NA,0,NA,NA,0,NA,NA,NA,0,0,NA,NA,NA,NA,0,0,NA
M16 [Stock Position (During the month)],16.3.06,Stock Position of Gluteraldehyde solution of 2% concentration,3. Unusable Stock,0,NA,0,NA,NA,NA,0,NA,NA,0,NA,NA,NA,0,0,NA,NA,NA,NA,0,0,NA
M16 [Stock Position (During the month)],16.3.06,Stock Position of Gluteraldehyde solution of 2% concentration,4. Stock Distributed,0,NA,0,NA,NA,NA,0,NA,NA,0,NA,NA,NA,0,0,NA,NA,NA,NA,0,0,NA
M16 [Stock Position (During the month)],16.3.06,Stock Position of Gluteraldehyde solution of 2% concentration,5. Total Stock,0,0,0,0,0,0,0,0,0,0,0,0,0,0,0,0,0,0,0,0,0,0
M16 [Stock Position (During the month)],16.3.07,Stock Position of IFA Tablets,1. Balance From Previous Month,802800,NA,260200,16500,NA,60000,0,265300,NA,0,NA,NA,NA,0,0,NA,NA,NA,NA,189000,11800,NA
M16 [Stock Position (During the month)],16.3.07,Stock Position of IFA Tablets,2. Stocks Received,2663300,2663300,0,NA,NA,NA,0,0,NA,0,NA,NA,NA,0,0,NA,NA,NA,NA,0,0,NA
M16 [Stock Position (During the month)],16.3.07,Stock Position of IFA Tablets,3. Unusable Stock,247100,0,0,NA,NA,NA,0,235300,NA,0,NA,NA,NA,0,0,NA,NA,NA,NA,0,11800,NA
M16 [Stock Position (During the month)],16.3.07,Stock Position of IFA Tablets,4. Stock Distributed,193200,0,153200,5000,NA,NA,0,30000,NA,0,NA,NA,NA,0,0,NA,NA,NA,NA,5000,0,NA
M16 [Stock Position (During the month)],16.3.07,Stock Position of IFA Tablets,5. Total Stock,3025800,2663300,107000,11500,0,60000,0,0,0,0,0,0,0,0,0,0,0,0,0,184000,0,0
M16 [Stock Position (During the month)],16.3.08,Stock Position of IFA Syrup (Paediatric),1. Balance From Previous Month,158150,NA,0,36900,NA,2200,105000,13900,NA,0,NA,NA,NA,0,0,NA,NA,NA,NA,0,150,NA
M16 [Stock Position (During the month)],16.3.08,Stock Position of IFA Syrup (Paediatric),2. Stocks Received,0,NA,0,NA,NA,NA,0,0,NA,0,NA,NA,NA,0,0,NA,NA,NA,NA,0,0,NA
M16 [Stock Position (During the month)],16.3.08,Stock Position of IFA Syrup (Paediatric),3. Unusable Stock,650,NA,0,NA,NA,NA,0,500,NA,0,NA,NA,NA,0,0,NA,NA,NA,NA,0,150,NA
M16 [Stock Position (During the month)],16.3.08,Stock Position of IFA Syrup (Paediatric),4. Stock Distributed,53300,NA,0,17400,NA,NA,22500,13400,NA,0,NA,NA,NA,0,0,NA,NA,NA,NA,0,0,NA
M16 [Stock Position (During the month)],16.3.08,Stock Position of IFA Syrup (Paediatric),5. Total Stock,104200,0,0,19500,0,2200,82500,0,0,0,0,0,0,0,0,0,0,0,0,0,0,0
M16 [Stock Position (During the month)],16.3.09,Stock Position of Paediatrics Antibiotics (Cotrimaxozole and Injectable Gentamicin),1. Balance From Previous Month,3645,NA,1540,NA,NA,NA,0,NA,NA,0,NA,NA,NA,2000,0,NA,NA,NA,NA,0,105,NA
M16 [Stock Position (During the month)],16.3.09,Stock Position of Paediatrics Antibiotics (Cotrimaxozole and Injectable Gentamicin),2. Stocks Received,37500,37500,0,NA,NA,NA,0,NA,NA,0,NA,NA,NA,0,0,NA,NA,NA,NA,0,0,NA
M16 [Stock Position (During the month)],16.3.09,Stock Position of Paediatrics Antibiotics (Cotrimaxozole and Injectable Gentamicin),3. Unusable Stock,105,0,0,NA,NA,NA,0,NA,NA,0,NA,NA,NA,0,0,NA,NA,NA,NA,0,105,NA
M16 [Stock Position (During the month)],16.3.09,Stock Position of Paediatrics Antibiotics (Cotrimaxozole and Injectable Gentamicin),4. Stock Distributed,4425,3275,550,NA,NA,NA,0,NA,NA,0,NA,NA,NA,600,0,NA,NA,NA,NA,0,0,NA
M16 [Stock Position (During the month)],16.3.09,Stock Position of Paediatrics Antibiotics (Cotrimaxozole and Injectable Gentamicin),5. Total Stock,36615,34225,990,0,0,0,0,0,0,0,0,0,0,1400,0,0,0,0,0,0,0,0
M16 [Stock Position (During the month)],16.3.10,Stock Position of Vitamin A solution,1. Balance From Previous Month,55,NA,0,NA,NA,NA,0,NA,NA,0,NA,NA,NA,0,0,NA,NA,NA,NA,0,55,NA
M16 [Stock Position (During the month)],16.3.10,Stock Position of Vitamin A solution,2. Stocks Received,0,NA,0,NA,NA,NA,0,NA,NA,0,NA,NA,NA,0,0,NA,NA,NA,NA,0,0,NA
M16 [Stock Position (During the month)],16.3.10,Stock Position of Vitamin A solution,3. Unusable Stock,55,NA,0,NA,NA,NA,0,NA,NA,0,NA,NA,NA,0,0,NA,NA,NA,NA,0,55,NA
M16 [Stock Position (During the month)],16.3.10,Stock Position of Vitamin A solution,4. Stock Distributed,0,NA,0,NA,NA,NA,0,NA,NA,0,NA,NA,NA,0,0,NA,NA,NA,NA,0,0,NA
M16 [Stock Position (During the month)],16.3.10,Stock Position of Vitamin A solution,5. Total Stock,0,0,0,0,0,0,0,0,0,0,0,0,0,0,0,0,0,0,0,0,0,0
M16 [Stock Position (During the month)],16.3.11,Stock of ORS (New WHO formulation),1. Balance From Previous Month,14234,NA,0,NA,NA,5044,2200,NA,NA,0,NA,NA,NA,0,0,NA,NA,NA,NA,6990,0,NA
M16 [Stock Position (During the month)],16.3.11,Stock of ORS (New WHO formulation),2. Stocks Received,51300,51300,0,NA,NA,NA,0,NA,NA,0,NA,NA,NA,0,0,NA,NA,NA,NA,0,0,NA
M16 [Stock Position (During the month)],16.3.11,Stock of ORS (New WHO formulation),3. Unusable Stock,0,0,0,NA,NA,NA,0,NA,NA,0,NA,NA,NA,0,0,NA,NA,NA,NA,0,0,NA
M16 [Stock Position (During the month)],16.3.11,Stock of ORS (New WHO formulation),4. Stock Distributed,1100,0,0,NA,NA,NA,300,NA,NA,0,NA,NA,NA,0,0,NA,NA,NA,NA,800,0,NA
M16 [Stock Position (During the month)],16.3.11,Stock of ORS (New WHO formulation),5. Total Stock,64434,51300,0,0,0,5044,1900,0,0,0,0,0,0,0,0,0,0,0,0,6190,0,0
M16 [Stock Position (During the month)],16.4.1,Stock Position of 0.1 ml Syringes(AD),1. Balance From Previous Month,18550,600,550,300,NA,3000,700,1800,NA,0,2800,NA,NA,2000,0,NA,1000,NA,NA,1800,200,3800
M16 [Stock Position (During the month)],16.4.1,Stock Position of 0.1 ml Syringes(AD),2. Stocks Received,49000,2000,13000,3600,NA,NA,4000,0,NA,2000,0,NA,NA,2200,6400,NA,2200,NA,NA,8000,3000,2600
M16 [Stock Position (During the month)],16.4.1,Stock Position of 0.1 ml Syringes(AD),3. Unusable Stock,2400,0,0,NA,NA,NA,0,0,NA,0,NA,NA,NA,0,0,NA,NA,NA,NA,0,2400,NA
M16 [Stock Position (During the month)],16.4.1,Stock Position of 0.1 ml Syringes(AD),4. Stock Distributed,28450,300,2250,2600,NA,NA,4300,1800,NA,1400,2300,NA,NA,3600,2500,NA,2800,NA,NA,1400,800,2400
M16 [Stock Position (During the month)],16.4.1,Stock Position of 0.1 ml Syringes(AD),5. Total Stock,36700,2300,11300,1300,0,3000,400,0,0,600,500,0,0,600,3900,0,400,0,0,8400,0,4000
M16 [Stock Position (During the month)],16.4.2,Stock Position of 0.5 ml Syringes(AD),1. Balance From Previous Month,426961,22000,4400,45000,NA,5000,9000,9600,NA,106961,10000,NA,NA,8000,0,NA,46400,NA,NA,72000,19600,69000
M16 [Stock Position (During the month)],16.4.2,Stock Position of 0.5 ml Syringes(AD),2. Stocks Received,189200,0,24000,NA,NA,NA,30000,0,NA,0,60000,NA,NA,0,51200,NA,0,NA,NA,0,24000,NA
M16 [Stock Position (During the month)],16.4.2,Stock Position of 0.5 ml Syringes(AD),3. Unusable Stock,5550,0,0,NA,NA,NA,0,550,NA,0,NA,NA,NA,0,0,NA,NA,NA,NA,0,5000,NA
M16 [Stock Position (During the month)],16.4.2,Stock Position of 0.5 ml Syringes(AD),4. Stock Distributed,299011,0,9200,40000,NA,NA,33600,9050,NA,42961,36400,NA,NA,3000,21200,NA,17000,NA,NA,10000,38600,38000
M16 [Stock Position (During the month)],16.4.2,Stock Position of 0.5 ml Syringes(AD),5. Total Stock,311600,22000,19200,5000,0,5000,5400,0,0,64000,33600,0,0,5000,30000,0,29400,0,0,62000,0,31000
M16 [Stock Position (During the month)],16.4.3,Stock Position of 5.0 ml Syringes(Disposable),1. Balance From Previous Month,6360,200,2300,0,NA,NA,400,NA,NA,500,60,NA,NA,0,0,NA,0,NA,NA,2900,0,NA
M16 [Stock Position (During the month)],16.4.3,Stock Position of 5.0 ml Syringes(Disposable),2. Stocks Received,21800,0,5100,2000,NA,NA,0,NA,NA,2000,0,NA,NA,0,2400,NA,2000,NA,NA,4800,1500,2000
M16 [Stock Position (During the month)],16.4.3,Stock Position of 5.0 ml Syringes(Disposable),3. Unusable Stock,1500,0,0,NA,NA,NA,0,NA,NA,0,NA,NA,NA,0,0,NA,NA,NA,NA,0,1500,NA
M16 [Stock Position (During the month)],16.4.3,Stock Position of 5.0 ml Syringes(Disposable),4. Stock Distributed,5600,100,1900,600,NA,NA,0,NA,NA,500,0,NA,NA,0,400,NA,1300,NA,NA,300,0,500
M16 [Stock Position (During the month)],16.4.3,Stock Position of 5.0 ml Syringes(Disposable),5. Total Stock,21060,100,5500,1400,0,0,400,0,0,2000,60,0,0,0,2000,0,700,0,0,7400,0,1500
M17 [Details of deaths reported during the month with probable causes:],17.1,Number of cases of Infant deaths within 24 hrs of birth,TOTAL,66,6,NA,10,1,2,1,10,NA,2,7,NA,NA,NA,8,NA,11,NA,NA,6,NA,2
M17 [Details of deaths reported during the month with probable causes:],17.2.1,Number of cases of Infant deaths 24 hours to 4 weeks of birth with the probable cause being Sepsis,1. Up to 1 Weeks of Birth,3,NA,NA,NA,1,1,1,NA,NA,NA,NA,NA,NA,NA,NA,NA,NA,NA,NA,NA,NA,NA
M17 [Details of deaths reported during the month with probable causes:],17.2.1,Number of cases of Infant deaths 24 hours to 4 weeks of birth with the probable cause being Sepsis,2. Between 1 week & 4 weeks of birth,NA,NA,NA,NA,NA,NA,NA,NA,NA,NA,NA,NA,NA,NA,NA,NA,NA,NA,NA,NA,NA,NA
M17 [Details of deaths reported during the month with probable causes:],17.2.1,Number of cases of Infant deaths 24 hours to 4 weeks of birth with the probable cause being Sepsis,3. Total,3,NA,NA,NA,1,1,1,NA,NA,NA,NA,NA,NA,NA,NA,NA,NA,NA,NA,NA,NA,NA
M17 [Details of deaths reported during the month with probable causes:],17.2.2,Number of cases of Infant deaths 24 hours to 4 weeks of birth with the probable cause being Asphyxia,1. Up to 1 Weeks of Birth,4,NA,NA,NA,NA,NA,NA,NA,NA,NA,NA,NA,NA,NA,1,NA,NA,NA,NA,3,NA,NA
M17 [Details of deaths reported during the month with probable causes:],17.2.2,Number of cases of Infant deaths 24 hours to 4 weeks of birth with the probable cause being Asphyxia,2. Between 1 week & 4 weeks of birth,2,1,NA,NA,NA,NA,NA,NA,NA,NA,NA,NA,NA,NA,NA,NA,NA,NA,NA,NA,NA,1
M17 [Details of deaths reported during the month with probable causes:],17.2.2,Number of cases of Infant deaths 24 hours to 4 weeks of birth with the probable cause being Asphyxia,3. Total,6,1,NA,NA,NA,NA,NA,NA,NA,NA,NA,NA,NA,NA,1,NA,NA,NA,NA,3,NA,1
M17 [Details of deaths reported during the month with probable causes:],17.2.3,Number of cases of Infant deaths 24 hours to 4 weeks of birth with the probable cause being LBW,1. Up to 1 Weeks of Birth,13,NA,NA,1,NA,1,4,NA,NA,1,NA,NA,NA,NA,1,NA,1,NA,NA,2,1,1
M17 [Details of deaths reported during the month with probable causes:],17.2.3,Number of cases of Infant deaths 24 hours to 4 weeks of birth with the probable cause being LBW,2. Between 1 week & 4 weeks of birth,9,NA,NA,NA,2,NA,2,NA,NA,NA,NA,NA,NA,NA,2,NA,1,NA,NA,2,NA,NA
M17 [Details of deaths reported during the month with probable causes:],17.2.3,Number of cases of Infant deaths 24 hours to 4 weeks of birth with the probable cause being LBW,3. Total,22,NA,NA,1,2,1,6,NA,NA,1,NA,NA,NA,NA,3,NA,2,NA,NA,4,1,1
M17 [Details of deaths reported during the month with probable causes:],17.2.4,"Number of cases of Infant deaths 24 hours to 4 weeks of birth with the probable cause being other than Sepsis, Asphyxia and LBW",1. Up to 1 Weeks of Birth,67,1,NA,9,6,NA,12,2,NA,5,7,2,NA,NA,7,NA,6,NA,NA,7,1,2
M17 [Details of deaths reported during the month with probable causes:],17.2.4,"Number of cases of Infant deaths 24 hours to 4 weeks of birth with the probable cause being other than Sepsis, Asphyxia and LBW",2. Between 1 week & 4 weeks of birth,35,4,NA,2,5,NA,3,4,NA,2,3,NA,NA,NA,2,NA,5,NA,NA,3,1,1
M17 [Details of deaths reported during the month with probable causes:],17.2.4,"Number of cases of Infant deaths 24 hours to 4 weeks of birth with the probable cause being other than Sepsis, Asphyxia and LBW",3. Total,102,5,NA,11,11,NA,15,6,NA,7,10,2,NA,NA,9,NA,11,NA,NA,10,2,3
M17 [Details of deaths reported during the month with probable causes:],17.3.1,Number of cases of Infant or Child deaths between 1 month to 5 years of age with the probable cause being Pneumonia,1. Between 1 month and 11 months,5,NA,NA,NA,NA,NA,NA,1,NA,NA,NA,NA,NA,NA,NA,NA,3,NA,NA,NA,NA,1
M17 [Details of deaths reported during the month with probable causes:],17.3.1,Number of cases of Infant or Child deaths between 1 month to 5 years of age with the probable cause being Pneumonia,2. Between 1 year & 5 years,1,NA,NA,NA,NA,NA,NA,NA,NA,NA,NA,NA,NA,NA,NA,NA,1,NA,NA,NA,NA,NA
M17 [Details of deaths reported during the month with probable causes:],17.3.1,Number of cases of Infant or Child deaths between 1 month to 5 years of age with the probable cause being Pneumonia,3. Total,6,NA,NA,NA,NA,NA,NA,1,NA,NA,NA,NA,NA,NA,NA,NA,4,NA,NA,NA,NA,1
M17 [Details of deaths reported during the month with probable causes:],17.3.2,Number of cases of Infant or Child deaths between 1 month to 5 years of age with the probable cause being Diarrhoea,1. Between 1 month and 11 months,NA,NA,NA,NA,NA,NA,NA,NA,NA,NA,NA,NA,NA,NA,NA,NA,NA,NA,NA,NA,NA,NA
M17 [Details of deaths reported during the month with probable causes:],17.3.2,Number of cases of Infant or Child deaths between 1 month to 5 years of age with the probable cause being Diarrhoea,2. Between 1 year & 5 years,NA,NA,NA,NA,NA,NA,NA,NA,NA,NA,NA,NA,NA,NA,NA,NA,NA,NA,NA,NA,NA,NA
M17 [Details of deaths reported during the month with probable causes:],17.3.2,Number of cases of Infant or Child deaths between 1 month to 5 years of age with the probable cause being Diarrhoea,3. Total,NA,NA,NA,NA,NA,NA,NA,NA,NA,NA,NA,NA,NA,NA,NA,NA,NA,NA,NA,NA,NA,NA
M17 [Details of deaths reported during the month with probable causes:],17.3.3,Number of cases of Infant or Child deaths between 1 month to 5 years of age with the probable cause being Fever related,1. Between 1 month and 11 months,NA,NA,NA,NA,NA,NA,NA,NA,NA,NA,NA,NA,NA,NA,NA,NA,NA,NA,NA,NA,NA,NA
M17 [Details of deaths reported during the month with probable causes:],17.3.3,Number of cases of Infant or Child deaths between 1 month to 5 years of age with the probable cause being Fever related,2. Between 1 year & 5 years,NA,NA,NA,NA,NA,NA,NA,NA,NA,NA,NA,NA,NA,NA,NA,NA,NA,NA,NA,NA,NA,NA
M17 [Details of deaths reported during the month with probable causes:],17.3.3,Number of cases of Infant or Child deaths between 1 month to 5 years of age with the probable cause being Fever related,3. Total,NA,NA,NA,NA,NA,NA,NA,NA,NA,NA,NA,NA,NA,NA,NA,NA,NA,NA,NA,NA,NA,NA
M17 [Details of deaths reported during the month with probable causes:],17.3.4,Number of cases of Infant or Child deaths between 1 month to 5 years of age with the probable cause being Measles,1. Between 1 month and 11 months,NA,NA,NA,NA,NA,NA,NA,NA,NA,NA,NA,NA,NA,NA,NA,NA,NA,NA,NA,NA,NA,NA
M17 [Details of deaths reported during the month with probable causes:],17.3.4,Number of cases of Infant or Child deaths between 1 month to 5 years of age with the probable cause being Measles,2. Between 1 year & 5 years,NA,NA,NA,NA,NA,NA,NA,NA,NA,NA,NA,NA,NA,NA,NA,NA,NA,NA,NA,NA,NA,NA
M17 [Details of deaths reported during the month with probable causes:],17.3.4,Number of cases of Infant or Child deaths between 1 month to 5 years of age with the probable cause being Measles,3. Total,NA,NA,NA,NA,NA,NA,NA,NA,NA,NA,NA,NA,NA,NA,NA,NA,NA,NA,NA,NA,NA,NA
M17 [Details of deaths reported during the month with probable causes:],17.3.5,"Number of cases of Infant or Child deaths between 1 month to 5 years of age with the probable cause being other than Pneumonia, Diarrhoea, Fever related and Measles",1. Between 1 month and 11 months,57,NA,NA,2,8,NA,9,5,NA,2,2,1,NA,NA,5,NA,10,NA,NA,10,NA,3
M17 [Details of deaths reported during the month with probable causes:],17.3.5,"Number of cases of Infant or Child deaths between 1 month to 5 years of age with the probable cause being other than Pneumonia, Diarrhoea, Fever related and Measles",2. Between 1 year & 5 years,35,NA,NA,4,1,NA,7,2,NA,2,1,2,NA,NA,6,NA,5,NA,NA,3,NA,2
M17 [Details of deaths reported during the month with probable causes:],17.3.5,"Number of cases of Infant or Child deaths between 1 month to 5 years of age with the probable cause being other than Pneumonia, Diarrhoea, Fever related and Measles",3. Total,92,NA,NA,6,9,NA,16,7,NA,4,3,3,NA,NA,11,NA,15,NA,NA,13,NA,5
M17 [Details of deaths reported during the month with probable causes:],17.4.1,Number of cases of Adolescent or Adult deaths (age 6 years & above) with the probable cause being Diarrhoeal diseases,1. 6-14 yrs,1,NA,NA,NA,NA,NA,NA,NA,NA,NA,NA,NA,NA,NA,1,NA,NA,NA,NA,NA,NA,NA
M17 [Details of deaths reported during the month with probable causes:],17.4.1,Number of cases of Adolescent or Adult deaths (age 6 years & above) with the probable cause being Diarrhoeal diseases,2. 15-55 yrs.,1,NA,NA,NA,1,NA,NA,NA,NA,NA,NA,NA,NA,NA,NA,NA,NA,NA,NA,NA,NA,NA
M17 [Details of deaths reported during the month with probable causes:],17.4.1,Number of cases of Adolescent or Adult deaths (age 6 years & above) with the probable cause being Diarrhoeal diseases,3. Above 55 yrs.,3,NA,NA,NA,1,NA,NA,1,NA,NA,NA,NA,NA,NA,NA,NA,1,NA,NA,NA,NA,NA
M17 [Details of deaths reported during the month with probable causes:],17.4.1,Number of cases of Adolescent or Adult deaths (age 6 years & above) with the probable cause being Diarrhoeal diseases,4. Total,5,NA,NA,NA,2,NA,NA,1,NA,NA,NA,NA,NA,NA,1,NA,1,NA,NA,NA,NA,NA
M17 [Details of deaths reported during the month with probable causes:],17.4.2,Number of cases of Adolescent or Adult deaths (age 6 years & above) with the probable cause being Tuberculosis,1. 6-14 yrs,1,NA,NA,NA,NA,NA,NA,NA,NA,1,NA,NA,NA,NA,NA,NA,NA,NA,NA,NA,NA,NA
M17 [Details of deaths reported during the month with probable causes:],17.4.2,Number of cases of Adolescent or Adult deaths (age 6 years & above) with the probable cause being Tuberculosis,2. 15-55 yrs.,18,NA,NA,1,NA,NA,3,4,NA,NA,1,NA,NA,NA,1,1,2,NA,NA,5,NA,NA
M17 [Details of deaths reported during the month with probable causes:],17.4.2,Number of cases of Adolescent or Adult deaths (age 6 years & above) with the probable cause being Tuberculosis,3. Above 55 yrs.,13,NA,NA,2,1,NA,3,2,NA,NA,2,NA,NA,NA,NA,NA,1,NA,NA,2,NA,NA
M17 [Details of deaths reported during the month with probable causes:],17.4.2,Number of cases of Adolescent or Adult deaths (age 6 years & above) with the probable cause being Tuberculosis,4. Total,32,NA,NA,3,1,NA,6,6,NA,1,3,NA,NA,NA,1,1,3,NA,NA,7,NA,NA
M17 [Details of deaths reported during the month with probable causes:],17.4.3,Number of cases of Adolescent or Adult deaths (age 6 years & above) with the probable cause being Respiratory diseases including infections,1. 6-14 yrs,1,NA,NA,NA,NA,NA,NA,NA,NA,NA,NA,NA,NA,NA,NA,NA,NA,NA,NA,NA,NA,1
M17 [Details of deaths reported during the month with probable causes:],17.4.3,Number of cases of Adolescent or Adult deaths (age 6 years & above) with the probable cause being Respiratory diseases including infections,2. 15-55 yrs.,7,NA,NA,NA,NA,NA,NA,2,NA,NA,NA,1,NA,NA,NA,NA,1,NA,NA,1,NA,2
M17 [Details of deaths reported during the month with probable causes:],17.4.3,Number of cases of Adolescent or Adult deaths (age 6 years & above) with the probable cause being Respiratory diseases including infections,3. Above 55 yrs.,35,NA,NA,3,1,NA,2,5,NA,NA,NA,1,NA,NA,11,NA,2,NA,NA,NA,NA,10
M17 [Details of deaths reported during the month with probable causes:],17.4.3,Number of cases of Adolescent or Adult deaths (age 6 years & above) with the probable cause being Respiratory diseases including infections,4. Total,43,NA,NA,3,1,NA,2,7,NA,NA,NA,2,NA,NA,11,NA,3,NA,NA,1,NA,13
M17 [Details of deaths reported during the month with probable causes:],17.4.4,Number of cases of Adolescent or Adult deaths (age 6 years & above) with the probable cause being Malaria,1. 6-14 yrs,NA,NA,NA,NA,NA,NA,NA,NA,NA,NA,NA,NA,NA,NA,NA,NA,NA,NA,NA,NA,NA,NA
M17 [Details of deaths reported during the month with probable causes:],17.4.4,Number of cases of Adolescent or Adult deaths (age 6 years & above) with the probable cause being Malaria,2. 15-55 yrs.,NA,NA,NA,NA,NA,NA,NA,NA,NA,NA,NA,NA,NA,NA,NA,NA,NA,NA,NA,NA,NA,NA
M17 [Details of deaths reported during the month with probable causes:],17.4.4,Number of cases of Adolescent or Adult deaths (age 6 years & above) with the probable cause being Malaria,3. Above 55 yrs.,NA,NA,NA,NA,NA,NA,NA,NA,NA,NA,NA,NA,NA,NA,NA,NA,NA,NA,NA,NA,NA,NA
M17 [Details of deaths reported during the month with probable causes:],17.4.4,Number of cases of Adolescent or Adult deaths (age 6 years & above) with the probable cause being Malaria,4. Total,NA,NA,NA,NA,NA,NA,NA,NA,NA,NA,NA,NA,NA,NA,NA,NA,NA,NA,NA,NA,NA,NA
M17 [Details of deaths reported during the month with probable causes:],17.4.5,Number of cases of Adolescent or Adult deaths (age 6 years & above) with the probable cause being other Fever related,1. 6-14 yrs,5,NA,NA,NA,NA,NA,NA,2,NA,NA,NA,NA,NA,NA,NA,NA,1,NA,NA,NA,NA,2
M17 [Details of deaths reported during the month with probable causes:],17.4.5,Number of cases of Adolescent or Adult deaths (age 6 years & above) with the probable cause being other Fever related,2. 15-55 yrs.,20,NA,NA,NA,NA,NA,2,5,NA,NA,1,5,NA,NA,1,NA,3,NA,NA,2,NA,1
M17 [Details of deaths reported during the month with probable causes:],17.4.5,Number of cases of Adolescent or Adult deaths (age 6 years & above) with the probable cause being other Fever related,3. Above 55 yrs.,16,NA,NA,NA,2,NA,NA,4,NA,NA,2,NA,NA,NA,1,NA,4,NA,NA,NA,NA,3
M17 [Details of deaths reported during the month with probable causes:],17.4.5,Number of cases of Adolescent or Adult deaths (age 6 years & above) with the probable cause being other Fever related,4. Total,41,NA,NA,NA,2,NA,2,11,NA,NA,3,5,NA,NA,2,NA,8,NA,NA,2,NA,6
M17 [Details of deaths reported during the month with probable causes:],17.4.6,Number of cases of Adolescent or Adult deaths (age 6 years & above) with the probable cause being HIV/AIDS,1. 6-14 yrs,NA,NA,NA,NA,NA,NA,NA,NA,NA,NA,NA,NA,NA,NA,NA,NA,NA,NA,NA,NA,NA,NA
M17 [Details of deaths reported during the month with probable causes:],17.4.6,Number of cases of Adolescent or Adult deaths (age 6 years & above) with the probable cause being HIV/AIDS,2. 15-55 yrs.,2,NA,NA,NA,1,NA,NA,NA,NA,NA,NA,NA,NA,NA,NA,NA,NA,NA,NA,1,NA,NA
M17 [Details of deaths reported during the month with probable causes:],17.4.6,Number of cases of Adolescent or Adult deaths (age 6 years & above) with the probable cause being HIV/AIDS,3. Above 55 yrs.,NA,NA,NA,NA,NA,NA,NA,NA,NA,NA,NA,NA,NA,NA,NA,NA,NA,NA,NA,NA,NA,NA
M17 [Details of deaths reported during the month with probable causes:],17.4.6,Number of cases of Adolescent or Adult deaths (age 6 years & above) with the probable cause being HIV/AIDS,4. Total,2,NA,NA,NA,1,NA,NA,NA,NA,NA,NA,NA,NA,NA,NA,NA,NA,NA,NA,1,NA,NA
M17 [Details of deaths reported during the month with probable causes:],17.4.7,Number of cases of Adolescent or Adult deaths (age 6 years & above) with the probable cause being Heart disease or related to Hypertension,1. 6-14 yrs,1,NA,NA,NA,1,NA,NA,NA,NA,NA,NA,NA,NA,NA,NA,NA,NA,NA,NA,NA,NA,NA
M17 [Details of deaths reported during the month with probable causes:],17.4.7,Number of cases of Adolescent or Adult deaths (age 6 years & above) with the probable cause being Heart disease or related to Hypertension,2. 15-55 yrs.,104,NA,NA,3,6,NA,19,8,NA,NA,NA,8,NA,NA,5,1,7,NA,NA,32,NA,15
M17 [Details of deaths reported during the month with probable causes:],17.4.7,Number of cases of Adolescent or Adult deaths (age 6 years & above) with the probable cause being Heart disease or related to Hypertension,3. Above 55 yrs.,143,NA,NA,3,15,NA,7,13,NA,NA,2,3,NA,NA,3,NA,5,NA,NA,54,2,36
M17 [Details of deaths reported during the month with probable causes:],17.4.7,Number of cases of Adolescent or Adult deaths (age 6 years & above) with the probable cause being Heart disease or related to Hypertension,4. Total,248,NA,NA,6,22,NA,26,21,NA,NA,2,11,NA,NA,8,1,12,NA,NA,86,2,51
M17 [Details of deaths reported during the month with probable causes:],17.4.8,Number of cases of Adolescent or Adult deaths (age 6 years & above) with the probable cause being Neurological disease including strokes,1. 6-14 yrs,NA,NA,NA,NA,NA,NA,NA,NA,NA,NA,NA,NA,NA,NA,NA,NA,NA,NA,NA,NA,NA,NA
M17 [Details of deaths reported during the month with probable causes:],17.4.8,Number of cases of Adolescent or Adult deaths (age 6 years & above) with the probable cause being Neurological disease including strokes,2. 15-55 yrs.,6,NA,NA,NA,1,NA,NA,NA,NA,NA,NA,NA,NA,NA,NA,NA,2,NA,NA,1,NA,2
M17 [Details of deaths reported during the month with probable causes:],17.4.8,Number of cases of Adolescent or Adult deaths (age 6 years & above) with the probable cause being Neurological disease including strokes,3. Above 55 yrs.,4,NA,NA,1,NA,NA,NA,1,NA,NA,NA,NA,NA,NA,1,NA,NA,NA,NA,1,NA,NA
M17 [Details of deaths reported during the month with probable causes:],17.4.8,Number of cases of Adolescent or Adult deaths (age 6 years & above) with the probable cause being Neurological disease including strokes,4. Total,10,NA,NA,1,1,NA,NA,1,NA,NA,NA,NA,NA,NA,1,NA,2,NA,NA,2,NA,2
M17 [Details of deaths reported during the month with probable causes:],17.4.9(a),Number of cases of Maternal deaths (age 15-49 years) with the probable cause being Abortion,1. 6-14 yrs,NA,NA,NA,NA,NA,NA,NA,NA,NA,NA,NA,NA,NA,NA,NA,NA,NA,NA,NA,NA,NA,NA
M17 [Details of deaths reported during the month with probable causes:],17.4.9(a),Number of cases of Maternal deaths (age 15-49 years) with the probable cause being Abortion,2. 15-49 yrs,NA,NA,NA,NA,NA,NA,NA,NA,NA,NA,NA,NA,NA,NA,NA,NA,NA,NA,NA,NA,NA,NA
M17 [Details of deaths reported during the month with probable causes:],17.4.9(a),Number of cases of Maternal deaths (age 15-49 years) with the probable cause being Abortion,3. Above 49 yrs.,NA,NA,NA,NA,NA,NA,NA,NA,NA,NA,NA,NA,NA,NA,NA,NA,NA,NA,NA,NA,NA,NA
M17 [Details of deaths reported during the month with probable causes:],17.4.9(a),Number of cases of Maternal deaths (age 15-49 years) with the probable cause being Abortion,4. Total,NA,NA,NA,NA,NA,NA,NA,NA,NA,NA,NA,NA,NA,NA,NA,NA,NA,NA,NA,NA,NA,NA
M17 [Details of deaths reported during the month with probable causes:],17.4.9(b),Number of cases of Maternal deaths (age 15-49 years) with the probable cause being Obstructed or prolonged labour,1. 6-14 yrs,NA,NA,NA,NA,NA,NA,NA,NA,NA,NA,NA,NA,NA,NA,NA,NA,NA,NA,NA,NA,NA,NA
M17 [Details of deaths reported during the month with probable causes:],17.4.9(b),Number of cases of Maternal deaths (age 15-49 years) with the probable cause being Obstructed or prolonged labour,2. 15-49 yrs,NA,NA,NA,NA,NA,NA,NA,NA,NA,NA,NA,NA,NA,NA,NA,NA,NA,NA,NA,NA,NA,NA
M17 [Details of deaths reported during the month with probable causes:],17.4.9(b),Number of cases of Maternal deaths (age 15-49 years) with the probable cause being Obstructed or prolonged labour,3. Above 49 yrs.,NA,NA,NA,NA,NA,NA,NA,NA,NA,NA,NA,NA,NA,NA,NA,NA,NA,NA,NA,NA,NA,NA
M17 [Details of deaths reported during the month with probable causes:],17.4.9(b),Number of cases of Maternal deaths (age 15-49 years) with the probable cause being Obstructed or prolonged labour,4. Total,NA,NA,NA,NA,NA,NA,NA,NA,NA,NA,NA,NA,NA,NA,NA,NA,NA,NA,NA,NA,NA,NA
M17 [Details of deaths reported during the month with probable causes:],17.4.9(c),Number of cases of Maternal deaths (age 15-49 years) with the probable cause being Severe hypertesnion or fits,1. 6-14 yrs,NA,NA,NA,NA,NA,NA,NA,NA,NA,NA,NA,NA,NA,NA,NA,NA,NA,NA,NA,NA,NA,NA
M17 [Details of deaths reported during the month with probable causes:],17.4.9(c),Number of cases of Maternal deaths (age 15-49 years) with the probable cause being Severe hypertesnion or fits,2. 15-49 yrs,2,NA,NA,NA,NA,NA,NA,NA,NA,NA,NA,2,NA,NA,NA,NA,NA,NA,NA,NA,NA,NA
M17 [Details of deaths reported during the month with probable causes:],17.4.9(c),Number of cases of Maternal deaths (age 15-49 years) with the probable cause being Severe hypertesnion or fits,3. Above 49 yrs.,NA,NA,NA,NA,NA,NA,NA,NA,NA,NA,NA,NA,NA,NA,NA,NA,NA,NA,NA,NA,NA,NA
M17 [Details of deaths reported during the month with probable causes:],17.4.9(c),Number of cases of Maternal deaths (age 15-49 years) with the probable cause being Severe hypertesnion or fits,4. Total,2,NA,NA,NA,NA,NA,NA,NA,NA,NA,NA,2,NA,NA,NA,NA,NA,NA,NA,NA,NA,NA
M17 [Details of deaths reported during the month with probable causes:],17.4.9(d),Number of cases of Maternal deaths (age 15-49 years) with the probable cause being Bleeding,1. 6-14 yrs,NA,NA,NA,NA,NA,NA,NA,NA,NA,NA,NA,NA,NA,NA,NA,NA,NA,NA,NA,NA,NA,NA
M17 [Details of deaths reported during the month with probable causes:],17.4.9(d),Number of cases of Maternal deaths (age 15-49 years) with the probable cause being Bleeding,2. 15-49 yrs,1,NA,NA,NA,NA,NA,1,NA,NA,NA,NA,NA,NA,NA,NA,NA,NA,NA,NA,NA,NA,NA
M17 [Details of deaths reported during the month with probable causes:],17.4.9(d),Number of cases of Maternal deaths (age 15-49 years) with the probable cause being Bleeding,3. Above 49 yrs.,NA,NA,NA,NA,NA,NA,NA,NA,NA,NA,NA,NA,NA,NA,NA,NA,NA,NA,NA,NA,NA,NA
M17 [Details of deaths reported during the month with probable causes:],17.4.9(d),Number of cases of Maternal deaths (age 15-49 years) with the probable cause being Bleeding,4. Total,1,NA,NA,NA,NA,NA,1,NA,NA,NA,NA,NA,NA,NA,NA,NA,NA,NA,NA,NA,NA,NA
M17 [Details of deaths reported during the month with probable causes:],17.4.9(e),Number of cases of Maternal deaths (age 15-49 years) with the probable cause being High Fever,1. 6-14 yrs,NA,NA,NA,NA,NA,NA,NA,NA,NA,NA,NA,NA,NA,NA,NA,NA,NA,NA,NA,NA,NA,NA
M17 [Details of deaths reported during the month with probable causes:],17.4.9(e),Number of cases of Maternal deaths (age 15-49 years) with the probable cause being High Fever,2. 15-49 yrs,1,NA,NA,NA,1,NA,NA,NA,NA,NA,NA,NA,NA,NA,NA,NA,NA,NA,NA,NA,NA,NA
M17 [Details of deaths reported during the month with probable causes:],17.4.9(e),Number of cases of Maternal deaths (age 15-49 years) with the probable cause being High Fever,3. Above 49 yrs.,NA,NA,NA,NA,NA,NA,NA,NA,NA,NA,NA,NA,NA,NA,NA,NA,NA,NA,NA,NA,NA,NA
M17 [Details of deaths reported during the month with probable causes:],17.4.9(e),Number of cases of Maternal deaths (age 15-49 years) with the probable cause being High Fever,4. Total,1,NA,NA,NA,1,NA,NA,NA,NA,NA,NA,NA,NA,NA,NA,NA,NA,NA,NA,NA,NA,NA
M17 [Details of deaths reported during the month with probable causes:],17.4.9(f),Number of cases of Maternal deaths (age 15-49 years) with the probable cause being other causes (excluding abortion; obstructed or prolonged labour; severe hypertension or fits;,1. 6-14 yrs,NA,NA,NA,NA,NA,NA,NA,NA,NA,NA,NA,NA,NA,NA,NA,NA,NA,NA,NA,NA,NA,NA
M17 [Details of deaths reported during the month with probable causes:],17.4.9(f),Number of cases of Maternal deaths (age 15-49 years) with the probable cause being other causes (excluding abortion; obstructed or prolonged labour; severe hypertension or fits;,2. 15-49 yrs,5,NA,NA,NA,NA,NA,3,NA,NA,NA,NA,NA,NA,NA,NA,NA,1,NA,1,NA,NA,NA
M17 [Details of deaths reported during the month with probable causes:],17.4.9(f),Number of cases of Maternal deaths (age 15-49 years) with the probable cause being other causes (excluding abortion; obstructed or prolonged labour; severe hypertension or fits;,3. Above 49 yrs.,NA,NA,NA,NA,NA,NA,NA,NA,NA,NA,NA,NA,NA,NA,NA,NA,NA,NA,NA,NA,NA,NA
M17 [Details of deaths reported during the month with probable causes:],17.4.9(f),Number of cases of Maternal deaths (age 15-49 years) with the probable cause being other causes (excluding abortion; obstructed or prolonged labour; severe hypertension or fits;,4. Total,5,NA,NA,NA,NA,NA,3,NA,NA,NA,NA,NA,NA,NA,NA,NA,1,NA,1,NA,NA,NA
M17 [Details of deaths reported during the month with probable causes:],17.4.10,Number of cases of Adolescent or Adult deaths (age 6 years & above) with the probable cause being Trauma or Accidents or Burn cases,1. 6-14 yrs,3,NA,NA,NA,NA,NA,NA,NA,NA,NA,NA,NA,NA,NA,1,NA,1,NA,NA,NA,NA,1
M17 [Details of deaths reported during the month with probable causes:],17.4.10,Number of cases of Adolescent or Adult deaths (age 6 years & above) with the probable cause being Trauma or Accidents or Burn cases,2. 15-55 yrs.,92,NA,NA,2,8,NA,5,14,NA,1,4,7,NA,NA,9,NA,13,1,NA,12,2,14
M17 [Details of deaths reported during the month with probable causes:],17.4.10,Number of cases of Adolescent or Adult deaths (age 6 years & above) with the probable cause being Trauma or Accidents or Burn cases,3. Above 55 yrs.,12,NA,NA,NA,2,NA,1,1,NA,NA,NA,2,NA,NA,1,NA,2,NA,NA,1,1,1
M17 [Details of deaths reported during the month with probable causes:],17.4.10,Number of cases of Adolescent or Adult deaths (age 6 years & above) with the probable cause being Trauma or Accidents or Burn cases,4. Total,107,NA,NA,2,10,NA,6,15,NA,1,4,9,NA,NA,11,NA,16,1,NA,13,3,16
M17 [Details of deaths reported during the month with probable causes:],17.4.11,Number of cases of Adolescent or Adult deaths (age 6 years & above) with the probable cause being suicide,1. 6-14 yrs,NA,NA,NA,NA,NA,NA,NA,NA,NA,NA,NA,NA,NA,NA,NA,NA,NA,NA,NA,NA,NA,NA
M17 [Details of deaths reported during the month with probable causes:],17.4.11,Number of cases of Adolescent or Adult deaths (age 6 years & above) with the probable cause being suicide,2. 15-55 yrs.,24,NA,NA,1,3,NA,2,5,NA,NA,1,NA,NA,NA,1,2,4,NA,NA,3,NA,2
M17 [Details of deaths reported during the month with probable causes:],17.4.11,Number of cases of Adolescent or Adult deaths (age 6 years & above) with the probable cause being suicide,3. Above 55 yrs.,4,NA,NA,NA,2,NA,1,1,NA,NA,NA,NA,NA,NA,NA,NA,NA,NA,NA,NA,NA,NA
M17 [Details of deaths reported during the month with probable causes:],17.4.11,Number of cases of Adolescent or Adult deaths (age 6 years & above) with the probable cause being suicide,4. Total,28,NA,NA,1,5,NA,3,6,NA,NA,1,NA,NA,NA,1,2,4,NA,NA,3,NA,2
M17 [Details of deaths reported during the month with probable causes:],17.4.12,Number of cases of Adolescent or Adult deaths (age 6 years & above) with the probable cause being Animal bites and stings,1. 6-14 yrs,1,NA,NA,NA,NA,NA,NA,NA,NA,NA,NA,NA,NA,NA,NA,NA,NA,NA,NA,1,NA,NA
M17 [Details of deaths reported during the month with probable causes:],17.4.12,Number of cases of Adolescent or Adult deaths (age 6 years & above) with the probable cause being Animal bites and stings,2. 15-55 yrs.,NA,NA,NA,NA,NA,NA,NA,NA,NA,NA,NA,NA,NA,NA,NA,NA,NA,NA,NA,NA,NA,NA
M17 [Details of deaths reported during the month with probable causes:],17.4.12,Number of cases of Adolescent or Adult deaths (age 6 years & above) with the probable cause being Animal bites and stings,3. Above 55 yrs.,1,NA,NA,NA,NA,NA,NA,NA,NA,NA,NA,NA,NA,NA,NA,NA,NA,NA,NA,NA,NA,1
M17 [Details of deaths reported during the month with probable causes:],17.4.12,Number of cases of Adolescent or Adult deaths (age 6 years & above) with the probable cause being Animal bites and stings,4. Total,2,NA,NA,NA,NA,NA,NA,NA,NA,NA,NA,NA,NA,NA,NA,NA,NA,NA,NA,1,NA,1
M17 [Details of deaths reported during the month with probable causes:],17.4.13(a),Number of cases of Adolescent or Adult deaths (age 6 years & above) with the probable cause being Known Acute disease,1. 6-14 yrs,3,NA,NA,NA,1,NA,1,NA,NA,NA,NA,NA,NA,NA,NA,NA,NA,NA,NA,NA,NA,1
M17 [Details of deaths reported during the month with probable causes:],17.4.13(a),Number of cases of Adolescent or Adult deaths (age 6 years & above) with the probable cause being Known Acute disease,2. 15-55 yrs.,30,NA,NA,4,3,NA,5,2,NA,NA,NA,4,NA,NA,1,2,5,NA,NA,3,1,NA
M17 [Details of deaths reported during the month with probable causes:],17.4.13(a),Number of cases of Adolescent or Adult deaths (age 6 years & above) with the probable cause being Known Acute disease,3. Above 55 yrs.,36,NA,NA,6,NA,NA,4,5,NA,NA,NA,5,NA,NA,11,NA,2,NA,NA,1,1,1
M17 [Details of deaths reported during the month with probable causes:],17.4.13(a),Number of cases of Adolescent or Adult deaths (age 6 years & above) with the probable cause being Known Acute disease,4. Total,69,NA,NA,10,4,NA,10,7,NA,NA,NA,9,NA,NA,12,2,7,NA,NA,4,2,2
M17 [Details of deaths reported during the month with probable causes:],17.4.13(b),Number of cases of Adolescent or Adult deaths (age 6 years & above) with the probable cause being Known Chronic disease,1. 6-14 yrs,3,NA,NA,NA,NA,NA,NA,1,NA,NA,NA,1,NA,NA,NA,NA,1,NA,NA,NA,NA,NA
M17 [Details of deaths reported during the month with probable causes:],17.4.13(b),Number of cases of Adolescent or Adult deaths (age 6 years & above) with the probable cause being Known Chronic disease,2. 15-55 yrs.,35,NA,NA,2,1,NA,3,6,NA,3,3,6,NA,NA,3,NA,2,NA,NA,2,1,3
M17 [Details of deaths reported during the month with probable causes:],17.4.13(b),Number of cases of Adolescent or Adult deaths (age 6 years & above) with the probable cause being Known Chronic disease,3. Above 55 yrs.,41,NA,NA,1,5,1,5,3,NA,NA,1,4,NA,NA,NA,1,6,NA,NA,1,NA,13
M17 [Details of deaths reported during the month with probable causes:],17.4.13(b),Number of cases of Adolescent or Adult deaths (age 6 years & above) with the probable cause being Known Chronic disease,4. Total,79,NA,NA,3,6,1,8,10,NA,3,4,11,NA,NA,3,1,9,NA,NA,3,1,16
M17 [Details of deaths reported during the month with probable causes:],17.4.13(c),Number of cases of Adolescent or Adult deaths (age 6 years & above) where the cause was not known,1. 6-14 yrs,19,NA,NA,NA,2,NA,3,3,NA,1,1,3,NA,NA,1,NA,2,NA,NA,NA,1,2
M17 [Details of deaths reported during the month with probable causes:],17.4.13(c),Number of cases of Adolescent or Adult deaths (age 6 years & above) where the cause was not known,2. 15-55 yrs.,331,NA,NA,3,45,NA,70,37,NA,9,25,26,NA,NA,14,1,26,4,NA,49,4,18
M17 [Details of deaths reported during the month with probable causes:],17.4.13(c),Number of cases of Adolescent or Adult deaths (age 6 years & above) where the cause was not known,3. Above 55 yrs.,996,NA,NA,13,125,1,180,112,NA,22,62,72,NA,NA,35,9,107,5,NA,189,21,43
M17 [Details of deaths reported during the month with probable causes:],17.4.13(c),Number of cases of Adolescent or Adult deaths (age 6 years & above) where the cause was not known,4. Total,1346,NA,NA,16,172,1,253,152,NA,32,88,101,NA,NA,50,10,135,9,NA,238,26,63
