Indicator,S.No.,Parameters,Type,District - _Meghalaya,District - East Garo Hills,District - East Jaintia Hills,District - East Khasi Hills,District - North Garo Hills,District - Ri Bhoi,District - South Garo Hills,District - South West Garo Hills,District - South West Khasi Hills,District - West Garo Hills,District - West Jaintia Hills,District - West Khasi Hills
M1 [Ante Natal Care Services ANC],1.1,Total number of pregnant women Registered for ANC,TOTAL,11858,1130,NA,5159,NA,773,326,NA,NA,1806,1391,1273
M1 [Ante Natal Care Services ANC],1.1.1,Of which Number registered within first trimester (within 12 weeks),TOTAL,3949,325,NA,1682,NA,234,167,NA,NA,821,376,344
M1 [Ante Natal Care Services ANC],1.2,Number of Pregnant women registered under JSY,TOTAL,5571,444,NA,1494,NA,492,165,NA,NA,1525,678,773
M1 [Ante Natal Care Services ANC],1.3,Number of pregnant women received 3 ANC check ups during pregnancy,TOTAL,5774,607,NA,2380,NA,477,159,NA,NA,1111,436,604
M1 [Ante Natal Care Services ANC],1.4.1,Number of pregnant women given TT1 during current pregnancy,TOTAL,4647,589,NA,1003,NA,304,234,NA,NA,1327,650,540
M1 [Ante Natal Care Services ANC],1.4.2,Number of pregnant women given TT2 or Booster during current pregnancy,TOTAL,6352,721,NA,1432,NA,488,245,NA,NA,1595,1039,832
M1 [Ante Natal Care Services ANC],1.5,Total number of pregnant women given 100 IFA tablets,TOTAL,2715,396,NA,1710,NA,79,44,NA,NA,110,67,309
M1 [Ante Natal Care Services ANC],1.6.1,Number of new cases of Hypertension (BP>140/90) detected in Pregnant women at the institution,TOTAL,245,16,NA,107,NA,15,19,NA,NA,30,27,31
M1 [Ante Natal Care Services ANC],1.6.2,Number of Eclampsia cases managed during delivery,TOTAL,15,0,NA,10,NA,0,0,NA,NA,0,2,3
M1 [Ante Natal Care Services ANC],1.7.1,Number of Pregnant women with anaemia i.e. Hb level<11 (tested cases),TOTAL,4834,361,NA,1305,NA,341,257,NA,NA,1241,879,450
M1 [Ante Natal Care Services ANC],1.7.2,Number of Pregnant women having severe anaemia (Hb<7) treated at institution,TOTAL,250,12,NA,103,NA,0,24,NA,NA,61,45,5
M1 [Ante Natal Care Services ANC],1.8,Number of pregnancy test kits used at SC level,TOTAL,45,0,NA,45,NA,0,NA,NA,NA,0,NA,0
M2 [Deliveries],2.1.1.a,Number of deliveries conducted at Home and attended by trained SBA(i.e. Doctor or Nurse or ANM),TOTAL,292,36,NA,40,NA,37,16,NA,NA,93,42,28
M2 [Deliveries],2.1.1.b,Number of deliveries conducted at Home and attended by non trained SBA (i.e. trained TBA or Relatives etc.),TOTAL,3442,361,NA,623,NA,318,203,NA,NA,688,587,662
M2 [Deliveries],2.1.1.c,Total number of deliveries conducted at Home and attended by trained or non-trained SBA (i.e. sum of 2.1.1.a and 2.1.1.b),TOTAL,3734,397,NA,663,NA,355,219,NA,NA,781,629,690
M2 [Deliveries],2.1.2,Number of newborns visited within 24 hours of delivery for deliveries conducted at home,TOTAL,1172,83,NA,253,NA,71,46,NA,NA,320,194,205
M2 [Deliveries],2.1.3,Number of mothers paid JSY incentive for deliveries conducted at home,TOTAL,219,0,NA,45,NA,14,1,NA,NA,19,45,95
M2 [Deliveries],2.2,Deliveries conducted at Public Institutions (Including C-Sections),TOTAL,3020,211,NA,1258,NA,122,55,NA,NA,711,372,291
M2 [Deliveries],2.2.1,"Out of 2.2, Number discharged under 48 hours of delivery",TOTAL,1789,188,NA,407,NA,118,37,NA,NA,609,339,91
M2 [Deliveries],2.2.2.a,Number of mothers paid JSY Incentive for deliveries conducted at Public Institutions,TOTAL,1524,115,NA,487,NA,114,62,NA,NA,218,327,201
M2 [Deliveries],2.2.2.b,Number of ASHAs paid JSY Incentive for deliveries conducted at Public Institutions,TOTAL,766,58,NA,308,NA,108,35,NA,NA,167,35,55
M2 [Deliveries],2.2.2.c,Number of cases of deliveries conducted at Public Institutions where JSY incentive was paid to ANMs or AWWs [only for High Performing States (HPS)],TOTAL,0,0,NA,0,NA,0,0,NA,NA,0,0,0
M2 [Deliveries],2.3,Deliveries conducted at Private Institutions (Including C-Sections),TOTAL,946,NA,NA,602,NA,NA,NA,NA,NA,125,181,38
M2 [Deliveries],2.3.1.a,Number of mothers paid JSY Incentive for deliveries conducted at accredited Private Institutions,TOTAL,430,NA,NA,316,NA,NA,NA,NA,NA,0,75,39
M2 [Deliveries],2.3.1.b,Number of ASHAs paid JSY Incentive for deliveries conducted at accredited Private Institutions,TOTAL,0,NA,NA,NA,NA,NA,NA,NA,NA,0,0,NA
M2 [Deliveries],2.3.1.c,Number of cases of deliveries conducted at accredited Private Institutions where JSY incentive was paid to ANMs or AWWs [only for High Performing States (HPS)],TOTAL,0,NA,NA,NA,NA,NA,NA,NA,NA,0,0,NA
M3 [Number of Caesarean C-Section deliveries performed at],3.1.1,Number of Caesarean (C-Section) deliveries performed at PHCs (Primary Health Centre),TOTAL,0,0,NA,0,NA,0,NA,NA,NA,0,0,NA
M3 [Number of Caesarean C-Section deliveries performed at],3.1.2,Number of Caesarean (C-Section) deliveries performed at CHCs (Community Health Centre),TOTAL,0,0,NA,0,NA,0,NA,NA,NA,0,0,NA
M3 [Number of Caesarean C-Section deliveries performed at],3.1.3,Number of Caesarean (C-Section) deliveries performed at SDHs (Sub-divisional Hospital) or DHs (District Hospital),TOTAL,224,6,NA,193,NA,0,NA,NA,NA,25,0,0
M3 [Number of Caesarean C-Section deliveries performed at],3.1.4,Number of Caesarean (C-Section) deliveries performed at other State owned public institutions,TOTAL,NA,NA,NA,NA,NA,NA,NA,NA,NA,NA,NA,NA
M3 [Number of Caesarean C-Section deliveries performed at],3.1.5,"Total Number of Caesarean (C-Section) deliveries performed at Public facilities i.e. PHC, CHC, SDH, DH and other State owned public institutions (sum of items from 3.1.1 to 3.1.4)",TOTAL,224,6,NA,193,NA,0,NA,NA,NA,25,0,0
M3 [Number of Caesarean C-Section deliveries performed at],3.2,No. of C-section deliveries performed at Private facilities,TOTAL,323,NA,NA,234,NA,NA,NA,NA,NA,40,48,1
M4 [Pregnancy outcome & weight of new-born],4.1.1.a,Number of male live births,TOTAL,3862,324,NA,1253,NA,250,150,NA,NA,805,595,485
M4 [Pregnancy outcome & weight of new-born],4.1.1.b,Number of female live births,TOTAL,3718,296,NA,1201,NA,223,124,NA,NA,780,571,523
M4 [Pregnancy outcome & weight of new-born],4.1.1.c,Total number of male and female live births (4.1.1.a and 4.1.1.b),TOTAL,7580,620,NA,2454,NA,473,274,NA,NA,1585,1166,1008
M4 [Pregnancy outcome & weight of new-born],4.1.2,Number of still births,TOTAL,157,7,NA,62,NA,6,0,NA,NA,40,29,13
M4 [Pregnancy outcome & weight of new-born],4.1.3,Number of Abortions (spontaneous or induced),TOTAL,380,5,NA,240,NA,4,3,NA,NA,50,42,36
M4 [Pregnancy outcome & weight of new-born],4.2.1,Number of Newborns weighed at birth,TOTAL,6409,445,NA,2181,NA,290,216,NA,NA,1568,984,725
M4 [Pregnancy outcome & weight of new-born],4.2.2,Number of Newborns having weight less than 2.5 kg,TOTAL,477,29,NA,239,NA,14,11,NA,NA,93,55,36
M4 [Pregnancy outcome & weight of new-born],4.3,Number of Newborns breast fed within 1 hour of birth,TOTAL,6404,483,NA,1983,NA,419,270,NA,NA,1573,946,730
M5 [Complicated pregnanices],5.1.1,Number of cases of pregnant women with Obstetric Complications and attended at PHCs,TOTAL,123,2,NA,26,NA,13,19,NA,NA,52,11,0
M5 [Complicated pregnanices],5.1.2,Number of cases of pregnant women with Obstetric Complications and attended at CHCs,TOTAL,115,0,NA,3,NA,19,5,NA,NA,8,63,17
M5 [Complicated pregnanices],5.1.3,Number of cases of pregnant women with Obstetric Complications and attended at SDHs or DHs,TOTAL,244,8,NA,33,NA,37,19,NA,NA,22,64,61
M5 [Complicated pregnanices],5.1.4,Number of cases of pregnant women with Obstetric Complications and attended at other State owned public institutions,TOTAL,NA,NA,NA,NA,NA,NA,NA,NA,NA,NA,NA,NA
M5 [Complicated pregnanices],5.1.5,"Number of cases of pregnant women with Obstetric Complications and attended at Public facilities i.e. PHC, CHC, SDH, DH and other State owned public institutions (sum of items from 5.1.1 to 5.1.4)",TOTAL,482,10,NA,62,NA,69,43,NA,NA,82,138,78
M5 [Complicated pregnanices],5.2,Number of cases of pregnant women with Obstetric Complications and attended at Private facilities,TOTAL,96,NA,NA,12,NA,NA,NA,NA,NA,77,3,4
M5 [Complicated pregnanices],5.3.1,Number of cases of complicated pregnancies treated with IV antibiotics,TOTAL,294,8,NA,38,NA,17,3,NA,NA,149,30,49
M5 [Complicated pregnanices],5.3.2,Number of cases of complicated pregnancies treated with IV Antihypertensive/Magsulph injection,TOTAL,61,0,NA,29,NA,0,0,NA,NA,24,5,3
M5 [Complicated pregnanices],5.3.3,Number of cases of complicated pregnancies treated with IV Oxytocis,TOTAL,301,0,NA,25,NA,24,40,NA,NA,124,80,8
M5 [Complicated pregnanices],5.3.4,Number of cases of complicated pregnancies treated with Blood Transfusion,TOTAL,72,0,NA,21,NA,0,0,NA,NA,50,1,0
M6 [Post - Natal Care],6.1,Women getting post partum check-up within 48 hours after delivery,TOTAL,4310,297,NA,1670,NA,185,93,NA,NA,975,561,529
M6 [Post - Natal Care],6.2,Women getting a post partum check up between 48 hours and 14 days after delivery,TOTAL,3411,288,NA,783,NA,212,153,NA,NA,936,520,519
M6 [Post - Natal Care],6.3,PNC maternal complications attended,TOTAL,208,0,NA,157,NA,3,1,NA,NA,21,6,20
M7 [Medical Termination of Pregnancy (MTP)],7.1.1,Number of MTPs conducted at Public Institutions up to 12 weeks of pregnancy,TOTAL,62,2,NA,31,NA,0,0,NA,NA,24,2,3
M7 [Medical Termination of Pregnancy (MTP)],7.1.2,Number of MTPs conducted at Public Institutions for more than 12 weeks of pregnancy,TOTAL,1,0,NA,1,NA,0,0,NA,NA,0,0,0
M7 [Medical Termination of Pregnancy (MTP)],7.1.3,Total number of MTPs conducted at Public Institutions (sum of items 7.1.1 and 7.1.2),TOTAL,63,2,NA,32,NA,0,0,NA,NA,24,2,3
M7 [Medical Termination of Pregnancy (MTP)],7.2,Number of MTPs conducted at Private Facilities,TOTAL,0,0,NA,0,NA,0,NA,NA,NA,0,0,0
M8 [RTI/STI Cases],8.1.a,Number of new cases of RTI/STI in males for which treatment was initiated,TOTAL,107,2,NA,44,NA,3,0,NA,NA,17,26,15
M8 [RTI/STI Cases],8.1.b,Number of new cases of RTI/STI in females for which treatment was initiated,TOTAL,558,32,NA,200,NA,46,0,NA,NA,56,159,65
M8 [RTI/STI Cases],8.1.c,Total number of new cases of RTI/STI in males and females for which treatment was initiated (sum of items 8.1.a and 8.1.b),TOTAL,665,34,NA,244,NA,49,0,NA,NA,73,185,80
M8 [RTI/STI Cases],8.2,Number of suspected RTI/STI cases for whom wet mount test was conducted,TOTAL,62,0,NA,6,NA,43,0,NA,NA,0,13,0
M9 [Family Planning],9.1.1.a,Number of NSV (No Scalpel Vasectomy) or Conventional Vasectomy conducted at PHCs,TOTAL,2,0,NA,0,NA,0,NA,NA,NA,2,0,NA
M9 [Family Planning],9.1.1.b,Number of NSV or Conventional Vasectomy conducted at CHCs,TOTAL,0,0,NA,0,NA,0,NA,NA,NA,0,0,NA
M9 [Family Planning],9.1.1.c,Number of NSV or Conventional Vasectomy conducted at SDHs or DHs,TOTAL,1,NA,NA,1,NA,0,0,NA,NA,0,0,NA
M9 [Family Planning],9.1.1.d,Number of NSV or Conventional Vasectomy conducted at other State owned public institutions,TOTAL,NA,NA,NA,NA,NA,NA,NA,NA,NA,NA,NA,NA
M9 [Family Planning],9.1.1.e,"Total Number of NSV or Conventional Vasectomy conducted at Public facilities i.e. PHC, CHC, SDH, DH and other State owned public institutions (sum of items from 9.1.1.a to 9.1.1.d)",TOTAL,3,0,NA,1,NA,0,0,NA,NA,2,0,NA
M9 [Family Planning],9.1.2,Number of NSV or Conventional Vasectomy conducted at Private facilities,TOTAL,0,NA,NA,NA,NA,NA,NA,NA,NA,0,0,NA
M9 [Family Planning],9.2.1.a,Number of Laparoscopic sterilizations conducted at PHCs,TOTAL,0,0,NA,0,NA,0,NA,NA,NA,0,0,NA
M9 [Family Planning],9.2.1.b,Number of Laparoscopic sterilizations conducted at CHCs,TOTAL,0,0,NA,0,NA,0,NA,NA,NA,0,0,NA
M9 [Family Planning],9.2.1.c,Number of Laparoscopic sterilizations conducted at SDHs or DHs,TOTAL,3,NA,NA,3,NA,0,0,NA,NA,0,0,NA
M9 [Family Planning],9.2.1.d,Number of Laparoscopic sterilizations conducted at other State owned public institutions,TOTAL,NA,NA,NA,NA,NA,NA,NA,NA,NA,NA,NA,NA
M9 [Family Planning],9.2.1.e,"Total Number of Laparoscopic sterilizations conducted at Public facilities i.e. PHC, CHC, SDH, DH and other State owned public institutions (sum of items from 9.2.1.a to 9.2.1.d)",TOTAL,3,0,NA,3,NA,0,0,NA,NA,0,0,NA
M9 [Family Planning],9.2.2,Number of Laparoscopic sterilizations conducted at Private facilities,TOTAL,0,NA,NA,NA,NA,NA,NA,NA,NA,0,0,NA
M9 [Family Planning],9.3.1.a,Number of Mini-lap sterilizations conducted at PHCs,TOTAL,0,0,NA,0,NA,0,NA,NA,NA,0,0,NA
M9 [Family Planning],9.3.1.b,Number of Mini-lap sterilizations conducted at CHCs,TOTAL,6,0,NA,0,NA,0,NA,NA,NA,6,0,NA
M9 [Family Planning],9.3.1.c,Number of Mini-lap sterilizations conducted at SDHs or DHs,TOTAL,67,5,NA,48,NA,3,0,NA,NA,6,0,5
M9 [Family Planning],9.3.1.d,Number of Mini-lap sterilizations conducted at other State owned public institutions,TOTAL,NA,NA,NA,NA,NA,NA,NA,NA,NA,NA,NA,NA
M9 [Family Planning],9.3.1.e,"Total Number of Mini-lap sterilizations conducted at Public facilities i.e. PHC, CHC, SDH, DH and other State owned public institutions (sum of items from 9.3.1.a to 9.3.1.d)",TOTAL,73,5,NA,48,NA,3,0,NA,NA,12,0,5
M9 [Family Planning],9.3.2,Number of Mini-lap sterilizations conducted at Private facilities,TOTAL,21,NA,NA,21,NA,NA,NA,NA,NA,0,0,NA
M9 [Family Planning],9.4.1.a,Number of Post-Partum sterilizations conducted at PHCs,TOTAL,0,0,NA,0,NA,0,NA,NA,NA,0,0,NA
M9 [Family Planning],9.4.1.b,Number of Post-Partum sterilizations conducted at CHCs,TOTAL,5,0,NA,0,NA,0,NA,NA,NA,5,0,NA
M9 [Family Planning],9.4.1.c,Number of Post-Partum sterilizations conducted at SDHs or DHs,TOTAL,57,NA,NA,29,NA,0,0,NA,NA,28,0,0
M9 [Family Planning],9.4.1.d,Number of Post-Partum sterilizations conducted at other State owned public institutions,TOTAL,NA,NA,NA,NA,NA,NA,NA,NA,NA,NA,NA,NA
M9 [Family Planning],9.4.1.e,"Total Number of Post-Partum sterilizations conducted at Public facilities i.e. PHC, CHC, SDH, DH and other State owned public institutions (sum of items from 9.4.1.a to 9.4.1.d)",TOTAL,62,0,NA,29,NA,0,0,NA,NA,33,0,0
M9 [Family Planning],9.4.2,Number of Post-Partum sterilizations conducted at Private facilities,TOTAL,16,NA,NA,5,NA,NA,NA,NA,NA,11,0,NA
M9 [Family Planning],9.5.1.a,Number of IUCD Insertions conducted at SCs,TOTAL,101,4,NA,20,NA,1,0,NA,NA,73,3,0
M9 [Family Planning],9.5.1.b,Number of IUCD Insertions conducted at PHCs,TOTAL,136,13,NA,35,NA,23,1,NA,NA,47,12,5
M9 [Family Planning],9.5.1.c,Number of IUCD Insertions conducted at CHCs,TOTAL,69,2,NA,7,NA,16,0,NA,NA,30,10,4
M9 [Family Planning],9.5.1.d,Number of IUCD Insertions conducted at SDHs or DHs,TOTAL,81,3,NA,38,NA,7,0,NA,NA,25,4,4
M9 [Family Planning],9.5.1.e,Number of IUCD Insertions conducted at other State owned public institutions,TOTAL,NA,NA,NA,NA,NA,NA,NA,NA,NA,NA,NA,NA
M9 [Family Planning],9.5.1.f,"Total Number of IUCD Insertions conducted at Public facilities i.e. SC, PHC, CHC, SDH, DH and other State owned public institutions (sum of items from 9.5.1.a to 9.5.1.e)",TOTAL,387,22,NA,100,NA,47,1,NA,NA,175,29,13
M9 [Family Planning],9.5.1A,"Out of above total, Post Partum (within 48 hours of delivery) IUCD insertions",TOTAL,6,4,NA,2,NA,0,NA,NA,NA,0,NA,0
M9 [Family Planning],9.5.2,Number of IUCD Insertions conducted at Private facilities,TOTAL,4,NA,NA,1,NA,NA,NA,NA,NA,3,0,NA
M9 [Family Planning],9.06,Number of IUCD removals,TOTAL,274,101,NA,80,NA,10,4,NA,NA,58,17,4
M9 [Family Planning],9.07,Number of Oral Pills cycles distributed,TOTAL,5827,664,NA,1150,NA,545,264,NA,NA,1835,789,580
M9 [Family Planning],9.08,Number of Condom pieces distributed,TOTAL,31370,335,NA,13659,NA,2855,241,NA,NA,5956,5191,3133
M9 [Family Planning],9.09,Number of Centchroman (weekly) pills given,TOTAL,32,0,NA,30,NA,0,0,NA,NA,2,0,0
M9 [Family Planning],9.1,Number of Emergency Contraceptive Pills distributed,TOTAL,22,1,NA,5,NA,0,14,NA,NA,0,0,2
M9 [Family Planning],9.11.1.a,Number of cases of complications following male sterilization,TOTAL,0,0,NA,0,NA,0,NA,NA,NA,0,0,NA
M9 [Family Planning],9.11.1.b,Number of cases of complications following female sterilization,TOTAL,0,0,NA,0,NA,0,NA,NA,NA,0,0,NA
M9 [Family Planning],9.11.2.a,Number of failures following male sterilization,TOTAL,0,0,NA,0,NA,0,NA,NA,NA,0,0,NA
M9 [Family Planning],9.11.2.b,Number of failures following female sterilization,TOTAL,0,0,NA,0,NA,0,NA,NA,NA,0,0,NA
M9 [Family Planning],9.11.3.a,Number of deaths following male sterilization,TOTAL,0,0,NA,0,NA,0,NA,NA,NA,0,0,NA
M9 [Family Planning],9.11.3.b,Number of deaths following female sterilization,TOTAL,0,0,NA,0,NA,0,NA,NA,NA,0,0,NA
M9 [Family Planning],9.12,Number of Institutions having NSV trained doctors,TOTAL,9,3,NA,2,NA,1,NA,NA,NA,2,1,NA
M10 [CHILD IMMUNIZATION],10.1.01,Number of Infants (0 to 11 months old)received BCG immunisation,TOTAL,7932,737,NA,2215,NA,499,383,NA,NA,1686,1219,1193
M10 [CHILD IMMUNIZATION],10.1.02,Number of Infants (0 to 11 months old) received DPT1 immunisation,TOTAL,7147,743,NA,1700,NA,530,387,NA,NA,1566,1165,1056
M10 [CHILD IMMUNIZATION],10.1.03,Number of Infants (0 to 11 months old) received DPT2 immunisation,TOTAL,7275,683,NA,1603,NA,506,355,NA,NA,1713,1358,1057
M10 [CHILD IMMUNIZATION],10.1.04,Number of Infants (0 to 11 months old) received DPT3 immunisation,TOTAL,6653,654,NA,1453,NA,488,305,NA,NA,1664,1113,976
M10 [CHILD IMMUNIZATION],10.1.04A,Number of Infants (0 to 11 months old) received Pentavalent1 immunisation,TOTAL,1,1,NA,0,NA,NA,NA,NA,NA,0,NA,0
M10 [CHILD IMMUNIZATION],10.1.04B,Number of Infants (0 to 11 months old) received Pentavalent2 immunisation,TOTAL,0,0,NA,0,NA,NA,NA,NA,NA,0,NA,0
M10 [CHILD IMMUNIZATION],10.1.04C,Number of Infants (0 to 11 months old) received Pentavalent3 immunisation,TOTAL,0,0,NA,0,NA,NA,NA,NA,NA,0,NA,0
M10 [CHILD IMMUNIZATION],10.1.05,Number of Infants (0 to 11 months old) received OPV 0 (Birth Dose),TOTAL,3497,303,NA,1694,NA,148,76,NA,NA,583,351,342
M10 [CHILD IMMUNIZATION],10.1.06,Number of Infants (0 to 11 months old) received OPV1 (First Dose),TOTAL,7141,736,NA,1703,NA,530,381,NA,NA,1566,1169,1056
M10 [CHILD IMMUNIZATION],10.1.07,Number of Infants (0 to 11 months old) received OPV2 (Second Dose),TOTAL,7270,684,NA,1603,NA,506,355,NA,NA,1713,1352,1057
M10 [CHILD IMMUNIZATION],10.1.08,Number of Infants (0 to 11 months old) received OPV3 (Third Dose),TOTAL,6653,653,NA,1453,NA,488,305,NA,NA,1664,1114,976
M10 [CHILD IMMUNIZATION],10.1.09A,Number of Infants (upto 48 hrs of age) received Hepatitis-B0 immunisation,TOTAL,2053,178,NA,765,NA,74,45,NA,NA,516,249,226
M10 [CHILD IMMUNIZATION],10.1.09,Number of Infants (0 to 11 months old) received Hepatitis-B1 immunisation,TOTAL,6904,697,NA,1595,NA,432,388,NA,NA,1567,1178,1047
M10 [CHILD IMMUNIZATION],10.1.10,Number of Infants (0 to 11 months old) received Hepatitis-B2 immunisation,TOTAL,6940,647,NA,1490,NA,393,373,NA,NA,1702,1361,974
M10 [CHILD IMMUNIZATION],10.1.11,Number of Infants (0 to 11 months old) received Hepatitis-B3 immunisation,TOTAL,6366,616,NA,1335,NA,394,309,NA,NA,1671,1111,930
M10 [CHILD IMMUNIZATION],10.1.12,Number of Infants (0 to 11 months old) received Measles immunisation (First Dose),TOTAL,6346,688,NA,1304,NA,491,255,NA,NA,1630,1006,972
M10 [CHILD IMMUNIZATION],10.1.12B,Number of Infants (more than 16 months old) received Measles immunisation (Second Dose),TOTAL,3614,282,NA,720,NA,279,87,NA,NA,1043,749,454
M10 [CHILD IMMUNIZATION],10.1A,No. of Children aged 9 to 12 months who received JE 1st dose,TOTAL,9,9,NA,0,NA,NA,NA,NA,NA,0,NA,NA
M10 [CHILD IMMUNIZATION],10.1.13.a,Total number of male children (9 to 11 months old) fully immunised (BCG+DPT123/Pentavalent123+OPV123+Measles) during the month,TOTAL,3070,329,NA,645,NA,229,110,NA,NA,773,506,478
M10 [CHILD IMMUNIZATION],10.1.13.b,Total number of female children (9 to 11 months old) fully immunised (BCG+DPT123/Pentavalent123+OPV123+Measles) during the month,TOTAL,3012,333,NA,628,NA,222,104,NA,NA,799,479,447
M10 [CHILD IMMUNIZATION],10.1.13.c,Total number of children (9 to 11 months old) fully immunised (BCG+DPT123/Pentavalent123+OPV123+Measles) during the month (sum of items 10.1.13.a and 10.1.13.b),TOTAL,6082,662,NA,1273,NA,451,214,NA,NA,1572,985,925
M10 [CHILD IMMUNIZATION],10.2.1,Number of Infants (more than 16 months old) received DPT Booster dose,TOTAL,4838,496,NA,1206,NA,412,208,NA,NA,1041,768,707
M10 [CHILD IMMUNIZATION],10.2.2,Number of Infants (more than 16 months old) received OPV Booster dose,TOTAL,4763,436,NA,1188,NA,412,209,NA,NA,1041,770,707
M10 [CHILD IMMUNIZATION],10.2.3,"Number of Infants (more than 16 months old) received Measles, Mumps, Rubella (MMR) Vaccination",TOTAL,63,63,NA,0,NA,0,0,NA,NA,0,0,0
M10 [CHILD IMMUNIZATION],10.3.1.a,Total number of male children (12 to 23 months old) fully immunised (BCG+DPT123/Pentavalent123+OPV123+Measles) during the month,TOTAL,843,114,NA,152,NA,76,41,NA,NA,277,89,94
M10 [CHILD IMMUNIZATION],10.3.1.b,Total number of female children (12 to 23 months old) fully immunised (BCG+DPT123/Pentavalent123+OPV123+Measles) during the month,TOTAL,794,90,NA,148,NA,58,36,NA,NA,265,96,101
M10 [CHILD IMMUNIZATION],10.3.1.c,Total number of children (12 to 23 months old) fully immunised (BCG+DPT123+OPV123/Pentavalent123+Measles) during the month (sum of items 10.3.1.a and 10.3.1.b),TOTAL,1637,204,NA,300,NA,134,77,NA,NA,542,185,195
M10 [CHILD IMMUNIZATION],10.3.2,Number of children (more than 5 years old) given DT5,TOTAL,1899,207,NA,588,NA,162,0,NA,NA,203,484,255
M10 [CHILD IMMUNIZATION],10.3.3,Number of children (more than 10 years old) given TT10,TOTAL,3278,468,NA,521,NA,113,338,NA,NA,1217,284,337
M10 [CHILD IMMUNIZATION],10.3.4,Number of children (more than 16 years old) given TT16,TOTAL,2906,685,NA,322,NA,70,523,NA,NA,954,155,197
M10 [CHILD IMMUNIZATION],10.3.5.a,Number of cases of Abscess reported following immunisation [Adverse Event Following Immunisation (AEFI)],TOTAL,1,0,NA,0,NA,0,NA,NA,NA,0,0,1
M10 [CHILD IMMUNIZATION],10.3.5.b,Number of cases of Death reported following immunisation [Adverse Event Following Immunisation (AEFI)],TOTAL,0,0,NA,0,NA,0,NA,NA,NA,0,0,0
M10 [CHILD IMMUNIZATION],10.3.5.c,Number of cases of other complications reported following immunisation [Adverse Event Following Immunisation (AEFI)],TOTAL,3,0,NA,0,NA,0,NA,NA,NA,0,0,3
M10 [CHILD IMMUNIZATION],10.4.1,Number of Immunisation sessions planned to be held during the month,TOTAL,6638,845,NA,1485,NA,512,446,NA,NA,1461,777,1112
M10 [CHILD IMMUNIZATION],10.4.2,Number of Immunisation sessions held during the month,TOTAL,5452,647,NA,1377,NA,393,341,NA,NA,1217,688,789
M10 [CHILD IMMUNIZATION],10.4.3,Number of Immunisation sessions held during the month where ASHAs were present,TOTAL,4053,585,NA,884,NA,244,306,NA,NA,1152,318,564
M10 [CHILD IMMUNIZATION],10.5.1,Number of children (more than 16 months old) received Japanese Encephalitis (JE) vaccination,TOTAL,0,0,NA,0,NA,0,NA,NA,NA,0,0,NA
M11 [Number of Vitamin A doses],11.1.1,Number of children (9 months to 5 years old) administered 1st dose of Vitamin A (Dose-1),TOTAL,246,5,NA,226,NA,5,0,NA,NA,0,0,10
M11 [Number of Vitamin A doses],11.1.2,Number of children (9 months to 5 years old) were administered 5th dose of Vitamin A (Dose-5),TOTAL,232,0,NA,231,NA,1,0,NA,NA,0,0,0
M11 [Number of Vitamin A doses],11.1.3,Number of children (9 months to 5 years old) administered 9th dose of Vitamin A (Dose-9),TOTAL,12,0,NA,10,NA,1,0,NA,NA,0,0,1
M12 [Number of cases of Childhood Diseases reported during the month0-5 years:],12.1,Number of cases of Diptheria reported in children below 5 years of age,TOTAL,0,0,NA,0,NA,0,0,NA,NA,0,0,0
M12 [Number of cases of Childhood Diseases reported during the month0-5 years:],12.2,Number of cases of Pertusis reported in children below 5 years of age,TOTAL,0,0,NA,0,NA,0,0,NA,NA,0,0,0
M12 [Number of cases of Childhood Diseases reported during the month0-5 years:],12.3,Number of cases of Tetanus neonatarum reported in children below 5 years of age,TOTAL,0,0,NA,0,NA,0,0,NA,NA,0,0,0
M12 [Number of cases of Childhood Diseases reported during the month0-5 years:],12.4,Number of cases of Tetanus other than neonatarum reported in children below 5 years of age,TOTAL,0,0,NA,0,NA,0,0,NA,NA,0,0,0
M12 [Number of cases of Childhood Diseases reported during the month0-5 years:],12.5,Number of cases of Polio reported in children below 5 years of age,TOTAL,0,0,NA,0,NA,0,0,NA,NA,0,0,0
M12 [Number of cases of Childhood Diseases reported during the month0-5 years:],12.6,Number of cases of Measles reported in children below 5 years of age,TOTAL,41,7,NA,2,NA,4,3,NA,NA,17,8,0
M12 [Number of cases of Childhood Diseases reported during the month0-5 years:],12.7,Number of cases of Diarrhoea and Dehydration reported in children below 5 years of age,TOTAL,6826,687,NA,1458,NA,715,154,NA,NA,1012,1853,947
M12 [Number of cases of Childhood Diseases reported during the month0-5 years:],12.8,Number of cases of Malaria reported in children below 5 years of age,TOTAL,288,126,NA,1,NA,60,45,NA,NA,27,12,17
M12 [Number of cases of Childhood Diseases reported during the month0-5 years:],12.9,Number of children below 5 years of age admitted with Respiratory Infections,TOTAL,436,11,NA,106,NA,72,2,NA,NA,51,78,116
M13 [Blindness Control Programme],13.1,Number of Patients operated for cataract,TOTAL,80,0,NA,20,NA,12,0,NA,NA,48,0,0
M13 [Blindness Control Programme],13.2,Number of Intraocular Lens(IOL) implantations,TOTAL,77,0,NA,19,NA,10,0,NA,NA,48,0,0
M13 [Blindness Control Programme],13.3,Number of School children detected with Refractive errors,TOTAL,171,0,NA,58,NA,101,0,NA,NA,0,0,12
M13 [Blindness Control Programme],13.4,Number of children provided free glasses,TOTAL,92,0,NA,52,NA,40,0,NA,NA,0,0,0
M13 [Blindness Control Programme],13.5,Number of eyes collected through eye donation,TOTAL,0,0,NA,0,NA,0,0,NA,NA,0,0,0
M13 [Blindness Control Programme],13.6,Number of eyes utilised for corneal transplant,TOTAL,0,0,NA,0,NA,0,0,NA,NA,0,0,0
M14 [Patient Services],14.01,Number of CHC or SDH or DH functioning as First Referral units (FRUs),TOTAL,13,2,NA,3,NA,1,NA,NA,NA,3,2,2
M14 [Patient Services],14.02,Number of PHCs functioning 24X7 with atleast 3 Staff Nurses,TOTAL,52,9,NA,10,NA,6,4,NA,NA,11,6,6
M14 [Patient Services],14.03,Number of Anganwadi centres reported to have conducted VHNDs,TOTAL,2979,346,NA,803,NA,137,127,NA,NA,943,317,306
M14 [Patient Services],14.04,Number of facilities having a Rogi Kalyan Samiti (RKS),TOTAL,38,3,NA,9,NA,3,2,NA,NA,9,7,5
M14 [Patient Services],14.05,Number of RKS meetings held during the month,TOTAL,29,2,NA,9,NA,0,0,NA,NA,7,5,6
M14 [Patient Services],14.06,Number of facilities having Ambulance services (Assured Referral Services),TOTAL,132,19,NA,26,NA,14,8,NA,NA,28,17,20
M14 [Patient Services],14.07,Total Number of times the Ambulance was used for transporting patients during the month,TOTAL,856,101,NA,235,NA,159,49,NA,NA,185,23,104
M14 [Patient Services],14.08,Number of Institutions having Operational Sick New Born and Child Care Units (SNCU),TOTAL,11,1,NA,3,NA,2,NA,NA,NA,2,2,1
M14 [Patient Services],14.09,Number of functional Laproscopes in CHC/SDH/DH,TOTAL,2,1,NA,1,NA,0,NA,NA,NA,0,0,0
M14 [Patient Services],14.10.1.a,Number of male patients admitted (Inpatients) during the month,1. Children,2564,117,NA,1146,NA,246,35,NA,NA,206,476,338
M14 [Patient Services],14.10.1.a,Number of male patients admitted (Inpatients) during the month,2. Adults,4010,180,NA,2288,NA,201,65,NA,NA,565,450,261
M14 [Patient Services],14.10.1.b,Number of female patients (Inpatients) admitted during the month,1. Children,2665,137,NA,951,NA,308,46,NA,NA,357,461,405
M14 [Patient Services],14.10.1.b,Number of female patients (Inpatients) admitted during the month,2. Adults,9972,445,NA,5572,NA,434,149,NA,NA,1254,1301,817
M14 [Patient Services],14.10.1.c,Total number of patients admitted (Inpatients) during the month (sum of items 14.10.1.a and 14.10.1.b),1. Children,5229,254,NA,2097,NA,554,81,NA,NA,563,937,743
M14 [Patient Services],14.10.1.c,Total number of patients admitted (Inpatients) during the month (sum of items 14.10.1.a and 14.10.1.b),2. Adults,13982,625,NA,7860,NA,635,214,NA,NA,1819,1751,1078
M14 [Patient Services],14.10.2.a,Number of death cases of Inpatient males,TOTAL,138,1,NA,83,NA,3,1,NA,NA,20,23,7
M14 [Patient Services],14.10.2.b,Number of death cases of Inpatient females,TOTAL,97,2,NA,67,NA,3,0,NA,NA,11,12,2
M14 [Patient Services],14.10.2.c,Number of cases of death of Inpatients (sum of items 14.10.2.a and 14.10.2.b),TOTAL,235,3,NA,150,NA,6,1,NA,NA,31,35,9
M14 [Patient Services],14.11,In-Patient Head Count at midnight,TOTAL,41654,992,NA,24364,NA,3323,796,NA,NA,6602,1110,4467
M14 [Patient Services],14.12.1,OPD attendance (All),TOTAL,262253,17616,NA,108284,NA,21254,8584,NA,NA,43398,28938,34179
M14 [Patient Services],14.13.1,Number of major operations carried out using general or spinal anaesthesia,TOTAL,1242,6,NA,977,NA,0,0,NA,NA,143,115,1
M14 [Patient Services],14.13.1A,"Out of 14.13.1,Gynecology- Hysterectomy surgeries",TOTAL,0,0,NA,0,NA,0,NA,NA,NA,0,NA,NA
M14 [Patient Services],14.13.2,Number of minor operations carried out without anaesthesia or using local anaesthesia,TOTAL,1533,67,NA,845,NA,76,20,NA,NA,163,280,82
M14 [Patient Services],14.14.a,Number of patients given AYUSH treatment,TOTAL,20290,879,NA,5921,NA,2069,1225,NA,NA,3532,2545,4119
M14 [Patient Services],14.14.b,Number of patients on whom Dental Procedure was conducted,TOTAL,5810,118,NA,3491,NA,447,51,NA,NA,733,173,797
M14 [Patient Services],14.14.c,Number of Adolescents counselled,TOTAL,1260,190,NA,478,NA,94,32,NA,NA,113,85,268
M15 [Laboratory Testing],15.1.1.a,Number of Haemoglobin (Hb) tests conducted,TOTAL,26974,584,NA,17983,NA,1088,316,NA,NA,3393,2319,1291
M15 [Laboratory Testing],15.1.1.b,"Out of the total number of Hb tests conducted, number of cases having Hb less than 7gm/dl",TOTAL,1468,22,NA,1077,NA,19,42,NA,NA,182,76,50
M15 [Laboratory Testing],15.1.2.a,Number of HIV tests conducted on males,1. Number tested,1179,2,NA,664,NA,12,3,NA,NA,179,313,6
M15 [Laboratory Testing],15.1.2.a,Number of HIV tests conducted on males,2. Number Positive,27,0,NA,18,NA,0,0,NA,NA,3,6,0
M15 [Laboratory Testing],15.1.2.b,Number of HIV tests conducted on Female-Non ANC (i.e. non pregnant females),1. Number tested,1370,1,NA,1030,NA,12,3,NA,NA,156,164,4
M15 [Laboratory Testing],15.1.2.b,Number of HIV tests conducted on Female-Non ANC (i.e. non pregnant females),2. Number Positive,17,0,NA,13,NA,0,0,NA,NA,2,2,0
M15 [Laboratory Testing],15.1.2.c,Number of HIV tests conducted on Female with ANC (i.e. pregnant females),1. Number tested,2300,31,NA,992,NA,116,21,NA,NA,427,598,115
M15 [Laboratory Testing],15.1.2.c,Number of HIV tests conducted on Female with ANC (i.e. pregnant females),2. Number Positive,13,0,NA,8,NA,0,0,NA,NA,0,5,0
M15 [Laboratory Testing],15.1.2.d,Total number of HIV tests conducted (sum of items 15.1.2.a to 15.1.2.c),1. Number tested,4849,34,NA,2686,NA,140,27,NA,NA,762,1075,125
M15 [Laboratory Testing],15.1.2.d,Total number of HIV tests conducted (sum of items 15.1.2.a to 15.1.2.c),2. Number Positive,57,0,NA,39,NA,0,0,NA,NA,5,13,0
M15 [Laboratory Testing],15.2,Number of Widal tests conducted,Number tested,1989,70,NA,581,NA,53,34,NA,NA,492,530,229
M15 [Laboratory Testing],15.3.a,Number of VDRL tests conducted on males,Number tested,663,2,NA,243,NA,1,3,NA,NA,161,250,3
M15 [Laboratory Testing],15.3.b,Number of VDRL tests conducted on Female-Non ANC (i.e. non pregnant females),Number tested,1359,1,NA,889,NA,5,3,NA,NA,247,179,35
M15 [Laboratory Testing],15.3.c,Number of VDRL tests conducted on Female with ANC (i.e. pregnant females),Number tested,3485,34,NA,1794,NA,66,21,NA,NA,699,639,232
M15 [Laboratory Testing],15.3.d,Total number of VDRL tests conducted (sum of items 15.3.a to 15.3.c),Number tested,5507,37,NA,2926,NA,72,27,NA,NA,1107,1068,270
M15 [Laboratory Testing],15.4.1,Number of blood smears examined for Malaria,TOTAL,20742,2189,NA,1771,NA,1568,2043,NA,NA,9084,2417,1670
M15 [Laboratory Testing],15.4.2,"Out of blood smears examined for malaria, number of blood smears tested positive for Plasmodium Vivax",TOTAL,114,48,NA,1,NA,27,0,NA,NA,10,11,17
M15 [Laboratory Testing],15.4.3,"Out of blood smears examined for malaria, number of blood smears tested positive for Plasmodium Falciparum",TOTAL,1062,270,NA,1,NA,24,456,NA,NA,233,10,68
M16 [Stock Position (During the month)],16.1.1,Stock position of DPT vaccines,1. Balance From Previous Month,13358,151,NA,10380,NA,0,270,NA,NA,2403,154,NA
M16 [Stock Position (During the month)],16.1.1,Stock position of DPT vaccines,2. Stocks Received,3100,500,NA,NA,NA,400,300,NA,NA,1500,400,NA
M16 [Stock Position (During the month)],16.1.1,Stock position of DPT vaccines,3. Unusable Stock,0,NA,NA,NA,NA,0,0,NA,NA,0,NA,NA
M16 [Stock Position (During the month)],16.1.1,Stock position of DPT vaccines,4. Stock Distributed,8871,197,NA,7160,NA,189,113,NA,NA,735,477,NA
M16 [Stock Position (During the month)],16.1.1,Stock position of DPT vaccines,5. Total Stock,7587,454,0,3220,0,211,457,0,0,3168,77,0
M16 [Stock Position (During the month)],16.1.1A,Stock Position of Pentavalent,1. Balance From Previous Month,0,NA,NA,NA,NA,0,NA,NA,NA,NA,NA,NA
M16 [Stock Position (During the month)],16.1.1A,Stock Position of Pentavalent,2. Stocks Received,0,NA,NA,NA,NA,0,NA,NA,NA,NA,NA,NA
M16 [Stock Position (During the month)],16.1.1A,Stock Position of Pentavalent,3. Unusable Stock,0,NA,NA,NA,NA,0,NA,NA,NA,NA,NA,NA
M16 [Stock Position (During the month)],16.1.1A,Stock Position of Pentavalent,4. Stock Distributed,0,NA,NA,NA,NA,0,NA,NA,NA,NA,NA,NA
M16 [Stock Position (During the month)],16.1.1A,Stock Position of Pentavalent,5. Total Stock,0,0,0,0,0,0,0,0,0,0,0,0
M16 [Stock Position (During the month)],16.1.2,Stock position of OPV vaccines,1. Balance From Previous Month,23902,350,NA,21420,NA,0,73,NA,NA,2002,57,NA
M16 [Stock Position (During the month)],16.1.2,Stock position of OPV vaccines,2. Stocks Received,11800,3900,NA,NA,NA,300,1700,NA,NA,500,5400,NA
M16 [Stock Position (During the month)],16.1.2,Stock position of OPV vaccines,3. Unusable Stock,0,NA,NA,NA,NA,0,0,NA,NA,0,NA,NA
M16 [Stock Position (During the month)],16.1.2,Stock position of OPV vaccines,4. Stock Distributed,21802,3636,NA,10720,NA,74,1686,NA,NA,437,5249,NA
M16 [Stock Position (During the month)],16.1.2,Stock position of OPV vaccines,5. Total Stock,13900,614,0,10700,0,226,87,0,0,2065,208,0
M16 [Stock Position (During the month)],16.1.3,Stock position of TT vaccines,1. Balance From Previous Month,12653,9,NA,10130,NA,40,525,NA,NA,1417,532,NA
M16 [Stock Position (During the month)],16.1.3,Stock position of TT vaccines,2. Stocks Received,3200,500,NA,NA,NA,300,300,NA,NA,2000,100,NA
M16 [Stock Position (During the month)],16.1.3,Stock position of TT vaccines,3. Unusable Stock,0,NA,NA,NA,NA,0,0,NA,NA,0,NA,NA
M16 [Stock Position (During the month)],16.1.3,Stock position of TT vaccines,4. Stock Distributed,6870,271,NA,5190,NA,217,100,NA,NA,771,321,NA
M16 [Stock Position (During the month)],16.1.3,Stock position of TT vaccines,5. Total Stock,8983,238,0,4940,0,123,725,0,0,2646,311,0
M16 [Stock Position (During the month)],16.1.4,Stock position of DT vaccines,1. Balance From Previous Month,0,NA,NA,NA,NA,0,0,NA,NA,0,NA,NA
M16 [Stock Position (During the month)],16.1.4,Stock position of DT vaccines,2. Stocks Received,0,NA,NA,NA,NA,0,0,NA,NA,0,NA,NA
M16 [Stock Position (During the month)],16.1.4,Stock position of DT vaccines,3. Unusable Stock,0,NA,NA,NA,NA,0,0,NA,NA,0,NA,NA
M16 [Stock Position (During the month)],16.1.4,Stock position of DT vaccines,4. Stock Distributed,0,NA,NA,NA,NA,0,0,NA,NA,0,NA,NA
M16 [Stock Position (During the month)],16.1.4,Stock position of DT vaccines,5. Total Stock,0,0,0,0,0,0,0,0,0,0,0,0
M16 [Stock Position (During the month)],16.1.5,Stock position of BCG vaccines,1. Balance From Previous Month,9711,282,NA,7420,NA,174,196,NA,NA,1153,486,NA
M16 [Stock Position (During the month)],16.1.5,Stock position of BCG vaccines,2. Stocks Received,1600,500,NA,NA,NA,100,100,NA,NA,800,100,NA
M16 [Stock Position (During the month)],16.1.5,Stock position of BCG vaccines,3. Unusable Stock,0,NA,NA,NA,NA,0,0,NA,NA,0,NA,NA
M16 [Stock Position (During the month)],16.1.5,Stock position of BCG vaccines,4. Stock Distributed,5777,242,NA,4630,NA,135,76,NA,NA,447,247,NA
M16 [Stock Position (During the month)],16.1.5,Stock position of BCG vaccines,5. Total Stock,5534,540,0,2790,0,139,220,0,0,1506,339,0
M16 [Stock Position (During the month)],16.1.6,Stock position of Measles vaccines,1. Balance From Previous Month,8230,290,NA,5720,NA,299,264,NA,NA,1456,201,NA
M16 [Stock Position (During the month)],16.1.6,Stock position of Measles vaccines,2. Stocks Received,4300,1000,NA,NA,NA,500,300,NA,NA,2000,500,NA
M16 [Stock Position (During the month)],16.1.6,Stock position of Measles vaccines,3. Unusable Stock,0,NA,NA,NA,NA,0,0,NA,NA,0,NA,NA
M16 [Stock Position (During the month)],16.1.6,Stock position of Measles vaccines,4. Stock Distributed,6242,203,NA,4465,NA,235,190,NA,NA,675,474,NA
M16 [Stock Position (During the month)],16.1.6,Stock position of Measles vaccines,5. Total Stock,6288,1087,0,1255,0,564,374,0,0,2781,227,0
M16 [Stock Position (During the month)],16.1.7,Stock position of JE vaccines,1. Balance From Previous Month,0,NA,NA,NA,NA,0,0,NA,NA,0,NA,NA
M16 [Stock Position (During the month)],16.1.7,Stock position of JE vaccines,2. Stocks Received,0,NA,NA,NA,NA,0,0,NA,NA,0,NA,NA
M16 [Stock Position (During the month)],16.1.7,Stock position of JE vaccines,3. Unusable Stock,0,NA,NA,NA,NA,0,0,NA,NA,0,NA,NA
M16 [Stock Position (During the month)],16.1.7,Stock position of JE vaccines,4. Stock Distributed,0,NA,NA,NA,NA,0,0,NA,NA,0,NA,NA
M16 [Stock Position (During the month)],16.1.7,Stock position of JE vaccines,5. Total Stock,0,0,0,0,0,0,0,0,0,0,0,0
M16 [Stock Position (During the month)],16.1.8,Stock position of Hepatitis B vaccines,1. Balance From Previous Month,11578,320,NA,9680,NA,42,443,NA,NA,653,440,NA
M16 [Stock Position (During the month)],16.1.8,Stock position of Hepatitis B vaccines,2. Stocks Received,2400,0,NA,NA,NA,200,200,NA,NA,1900,100,NA
M16 [Stock Position (During the month)],16.1.8,Stock position of Hepatitis B vaccines,3. Unusable Stock,0,NA,NA,NA,NA,0,0,NA,NA,0,NA,NA
M16 [Stock Position (During the month)],16.1.8,Stock position of Hepatitis B vaccines,4. Stock Distributed,7066,138,NA,5770,NA,70,113,NA,NA,604,371,NA
M16 [Stock Position (During the month)],16.1.8,Stock position of Hepatitis B vaccines,5. Total Stock,6912,182,0,3910,0,172,530,0,0,1949,169,0
M16 [Stock Position (During the month)],16.2.1,Stock Position of IU 380 A (to be used for Family Planning),1. Balance From Previous Month,3115,NA,NA,107,NA,0,0,NA,NA,1338,1670,NA
M16 [Stock Position (During the month)],16.2.1,Stock Position of IU 380 A (to be used for Family Planning),2. Stocks Received,1800,NA,NA,1200,NA,0,0,NA,NA,600,0,NA
M16 [Stock Position (During the month)],16.2.1,Stock Position of IU 380 A (to be used for Family Planning),3. Unusable Stock,450,NA,NA,NA,NA,0,0,NA,NA,0,450,NA
M16 [Stock Position (During the month)],16.2.1,Stock Position of IU 380 A (to be used for Family Planning),4. Stock Distributed,450,NA,NA,330,NA,0,0,NA,NA,100,20,NA
M16 [Stock Position (During the month)],16.2.1,Stock Position of IU 380 A (to be used for Family Planning),5. Total Stock,4015,0,0,977,0,0,0,0,0,1838,1200,0
M16 [Stock Position (During the month)],16.2.2,Stock Position of Condoms (to be used for Family Planning),1. Balance From Previous Month,25799,696,NA,NA,NA,21420,0,NA,NA,0,3683,NA
M16 [Stock Position (During the month)],16.2.2,Stock Position of Condoms (to be used for Family Planning),2. Stocks Received,0,0,NA,NA,NA,0,0,NA,NA,0,0,NA
M16 [Stock Position (During the month)],16.2.2,Stock Position of Condoms (to be used for Family Planning),3. Unusable Stock,0,NA,NA,NA,NA,0,0,NA,NA,0,NA,NA
M16 [Stock Position (During the month)],16.2.2,Stock Position of Condoms (to be used for Family Planning),4. Stock Distributed,25103,0,NA,NA,NA,21420,0,NA,NA,0,3683,NA
M16 [Stock Position (During the month)],16.2.2,Stock Position of Condoms (to be used for Family Planning),5. Total Stock,696,696,0,0,0,0,0,0,0,0,0,0
M16 [Stock Position (During the month)],16.2.3,Stock Position of Oral Contraceptive (to be used for Family Planning),1. Balance From Previous Month,12887,NA,NA,300,NA,4200,0,NA,NA,8387,0,NA
M16 [Stock Position (During the month)],16.2.3,Stock Position of Oral Contraceptive (to be used for Family Planning),2. Stocks Received,0,NA,NA,NA,NA,0,0,NA,NA,0,NA,NA
M16 [Stock Position (During the month)],16.2.3,Stock Position of Oral Contraceptive (to be used for Family Planning),3. Unusable Stock,0,NA,NA,NA,NA,0,0,NA,NA,0,NA,NA
M16 [Stock Position (During the month)],16.2.3,Stock Position of Oral Contraceptive (to be used for Family Planning),4. Stock Distributed,5900,NA,NA,300,NA,4200,0,NA,NA,1400,NA,NA
M16 [Stock Position (During the month)],16.2.3,Stock Position of Oral Contraceptive (to be used for Family Planning),5. Total Stock,6987,0,0,0,0,0,0,0,0,6987,0,0
M16 [Stock Position (During the month)],16.2.4,Stock Position of Emergency Contraceptive (to be used for Family Planning),1. Balance From Previous Month,7830,NA,NA,3700,NA,2700,0,NA,NA,1430,NA,NA
M16 [Stock Position (During the month)],16.2.4,Stock Position of Emergency Contraceptive (to be used for Family Planning),2. Stocks Received,0,NA,NA,NA,NA,0,0,NA,NA,0,NA,NA
M16 [Stock Position (During the month)],16.2.4,Stock Position of Emergency Contraceptive (to be used for Family Planning),3. Unusable Stock,0,NA,NA,NA,NA,0,0,NA,NA,0,NA,NA
M16 [Stock Position (During the month)],16.2.4,Stock Position of Emergency Contraceptive (to be used for Family Planning),4. Stock Distributed,2700,NA,NA,NA,NA,2700,0,NA,NA,0,NA,NA
M16 [Stock Position (During the month)],16.2.4,Stock Position of Emergency Contraceptive (to be used for Family Planning),5. Total Stock,5130,0,0,3700,0,0,0,0,0,1430,0,0
M16 [Stock Position (During the month)],16.2.5,Stock Position of Tubal Rings (to be used for Family Planning),1. Balance From Previous Month,0,NA,NA,NA,NA,0,0,NA,NA,0,NA,NA
M16 [Stock Position (During the month)],16.2.5,Stock Position of Tubal Rings (to be used for Family Planning),2. Stocks Received,0,NA,NA,NA,NA,0,0,NA,NA,0,NA,NA
M16 [Stock Position (During the month)],16.2.5,Stock Position of Tubal Rings (to be used for Family Planning),3. Unusable Stock,0,NA,NA,NA,NA,0,0,NA,NA,0,NA,NA
M16 [Stock Position (During the month)],16.2.5,Stock Position of Tubal Rings (to be used for Family Planning),4. Stock Distributed,0,NA,NA,NA,NA,0,0,NA,NA,0,NA,NA
M16 [Stock Position (During the month)],16.2.5,Stock Position of Tubal Rings (to be used for Family Planning),5. Total Stock,0,0,0,0,0,0,0,0,0,0,0,0
M16 [Stock Position (During the month)],16.3.01,Stock Position of Oxytocin Injection,1. Balance From Previous Month,0,NA,NA,NA,NA,0,0,NA,NA,0,NA,NA
M16 [Stock Position (During the month)],16.3.01,Stock Position of Oxytocin Injection,2. Stocks Received,0,NA,NA,NA,NA,0,0,NA,NA,0,NA,NA
M16 [Stock Position (During the month)],16.3.01,Stock Position of Oxytocin Injection,3. Unusable Stock,0,NA,NA,NA,NA,0,0,NA,NA,0,NA,NA
M16 [Stock Position (During the month)],16.3.01,Stock Position of Oxytocin Injection,4. Stock Distributed,0,NA,NA,NA,NA,0,0,NA,NA,0,NA,NA
M16 [Stock Position (During the month)],16.3.01,Stock Position of Oxytocin Injection,5. Total Stock,0,0,0,0,0,0,0,0,0,0,0,0
M16 [Stock Position (During the month)],16.3.02,Stock Position of Gloves,1. Balance From Previous Month,29200,NA,NA,NA,NA,0,0,NA,NA,0,29200,NA
M16 [Stock Position (During the month)],16.3.02,Stock Position of Gloves,2. Stocks Received,0,NA,NA,NA,NA,0,0,NA,NA,0,NA,NA
M16 [Stock Position (During the month)],16.3.02,Stock Position of Gloves,3. Unusable Stock,0,NA,NA,NA,NA,0,0,NA,NA,0,NA,NA
M16 [Stock Position (During the month)],16.3.02,Stock Position of Gloves,4. Stock Distributed,12950,NA,NA,NA,NA,0,0,NA,NA,0,12950,NA
M16 [Stock Position (During the month)],16.3.02,Stock Position of Gloves,5. Total Stock,16250,0,0,0,0,0,0,0,0,0,16250,0
M16 [Stock Position (During the month)],16.3.03,Stock Position of MVA Syringes,1. Balance From Previous Month,12,NA,NA,12,NA,0,0,NA,NA,0,NA,NA
M16 [Stock Position (During the month)],16.3.03,Stock Position of MVA Syringes,2. Stocks Received,0,NA,NA,NA,NA,0,0,NA,NA,0,NA,NA
M16 [Stock Position (During the month)],16.3.03,Stock Position of MVA Syringes,3. Unusable Stock,0,NA,NA,NA,NA,0,0,NA,NA,0,NA,NA
M16 [Stock Position (During the month)],16.3.03,Stock Position of MVA Syringes,4. Stock Distributed,0,NA,NA,NA,NA,0,0,NA,NA,0,NA,NA
M16 [Stock Position (During the month)],16.3.03,Stock Position of MVA Syringes,5. Total Stock,12,0,0,12,0,0,0,0,0,0,0,0
M16 [Stock Position (During the month)],16.3.04,Stock Position of Fluconazole Tablets,1. Balance From Previous Month,25300,NA,NA,NA,NA,25300,0,NA,NA,0,NA,NA
M16 [Stock Position (During the month)],16.3.04,Stock Position of Fluconazole Tablets,2. Stocks Received,0,NA,NA,NA,NA,0,0,NA,NA,0,NA,NA
M16 [Stock Position (During the month)],16.3.04,Stock Position of Fluconazole Tablets,3. Unusable Stock,0,NA,NA,NA,NA,0,0,NA,NA,0,NA,NA
M16 [Stock Position (During the month)],16.3.04,Stock Position of Fluconazole Tablets,4. Stock Distributed,0,NA,NA,NA,NA,0,0,NA,NA,0,NA,NA
M16 [Stock Position (During the month)],16.3.04,Stock Position of Fluconazole Tablets,5. Total Stock,25300,0,0,0,0,25300,0,0,0,0,0,0
M16 [Stock Position (During the month)],16.3.05,Stock Position of Blood Transfusion Sets,1. Balance From Previous Month,0,NA,NA,NA,NA,0,0,NA,NA,0,NA,NA
M16 [Stock Position (During the month)],16.3.05,Stock Position of Blood Transfusion Sets,2. Stocks Received,0,NA,NA,NA,NA,0,0,NA,NA,0,NA,NA
M16 [Stock Position (During the month)],16.3.05,Stock Position of Blood Transfusion Sets,3. Unusable Stock,0,NA,NA,NA,NA,0,0,NA,NA,0,NA,NA
M16 [Stock Position (During the month)],16.3.05,Stock Position of Blood Transfusion Sets,4. Stock Distributed,0,NA,NA,NA,NA,0,0,NA,NA,0,NA,NA
M16 [Stock Position (During the month)],16.3.05,Stock Position of Blood Transfusion Sets,5. Total Stock,0,0,0,0,0,0,0,0,0,0,0,0
M16 [Stock Position (During the month)],16.3.06,Stock Position of Gluteraldehyde solution of 2% concentration,1. Balance From Previous Month,0,NA,NA,NA,NA,0,0,NA,NA,0,NA,NA
M16 [Stock Position (During the month)],16.3.06,Stock Position of Gluteraldehyde solution of 2% concentration,2. Stocks Received,0,NA,NA,NA,NA,0,0,NA,NA,0,NA,NA
M16 [Stock Position (During the month)],16.3.06,Stock Position of Gluteraldehyde solution of 2% concentration,3. Unusable Stock,0,NA,NA,NA,NA,0,0,NA,NA,0,NA,NA
M16 [Stock Position (During the month)],16.3.06,Stock Position of Gluteraldehyde solution of 2% concentration,4. Stock Distributed,0,NA,NA,NA,NA,0,0,NA,NA,0,NA,NA
M16 [Stock Position (During the month)],16.3.06,Stock Position of Gluteraldehyde solution of 2% concentration,5. Total Stock,0,0,0,0,0,0,0,0,0,0,0,0
M16 [Stock Position (During the month)],16.3.07,Stock Position of IFA Tablets,1. Balance From Previous Month,0,NA,NA,NA,NA,0,0,NA,NA,0,NA,NA
M16 [Stock Position (During the month)],16.3.07,Stock Position of IFA Tablets,2. Stocks Received,0,NA,NA,NA,NA,0,0,NA,NA,0,NA,NA
M16 [Stock Position (During the month)],16.3.07,Stock Position of IFA Tablets,3. Unusable Stock,0,NA,NA,NA,NA,0,0,NA,NA,0,NA,NA
M16 [Stock Position (During the month)],16.3.07,Stock Position of IFA Tablets,4. Stock Distributed,0,NA,NA,NA,NA,0,0,NA,NA,0,NA,NA
M16 [Stock Position (During the month)],16.3.07,Stock Position of IFA Tablets,5. Total Stock,0,0,0,0,0,0,0,0,0,0,0,0
M16 [Stock Position (During the month)],16.3.08,Stock Position of IFA Syrup (Paediatric),1. Balance From Previous Month,120,120,NA,NA,NA,0,0,NA,NA,0,NA,NA
M16 [Stock Position (During the month)],16.3.08,Stock Position of IFA Syrup (Paediatric),2. Stocks Received,0,0,NA,NA,NA,0,0,NA,NA,0,NA,NA
M16 [Stock Position (During the month)],16.3.08,Stock Position of IFA Syrup (Paediatric),3. Unusable Stock,0,NA,NA,NA,NA,0,0,NA,NA,0,NA,NA
M16 [Stock Position (During the month)],16.3.08,Stock Position of IFA Syrup (Paediatric),4. Stock Distributed,0,0,NA,NA,NA,0,0,NA,NA,0,NA,NA
M16 [Stock Position (During the month)],16.3.08,Stock Position of IFA Syrup (Paediatric),5. Total Stock,120,120,0,0,0,0,0,0,0,0,0,0
M16 [Stock Position (During the month)],16.3.09,Stock Position of Paediatrics Antibiotics (Cotrimaxozole and Injectable Gentamicin),1. Balance From Previous Month,0,NA,NA,NA,NA,0,0,NA,NA,0,NA,NA
M16 [Stock Position (During the month)],16.3.09,Stock Position of Paediatrics Antibiotics (Cotrimaxozole and Injectable Gentamicin),2. Stocks Received,0,NA,NA,NA,NA,0,0,NA,NA,0,NA,NA
M16 [Stock Position (During the month)],16.3.09,Stock Position of Paediatrics Antibiotics (Cotrimaxozole and Injectable Gentamicin),3. Unusable Stock,0,NA,NA,NA,NA,0,0,NA,NA,0,NA,NA
M16 [Stock Position (During the month)],16.3.09,Stock Position of Paediatrics Antibiotics (Cotrimaxozole and Injectable Gentamicin),4. Stock Distributed,0,NA,NA,NA,NA,0,0,NA,NA,0,NA,NA
M16 [Stock Position (During the month)],16.3.09,Stock Position of Paediatrics Antibiotics (Cotrimaxozole and Injectable Gentamicin),5. Total Stock,0,0,0,0,0,0,0,0,0,0,0,0
M16 [Stock Position (During the month)],16.3.10,Stock Position of Vitamin A solution,1. Balance From Previous Month,0,NA,NA,NA,NA,0,0,NA,NA,0,NA,NA
M16 [Stock Position (During the month)],16.3.10,Stock Position of Vitamin A solution,2. Stocks Received,0,NA,NA,NA,NA,0,0,NA,NA,0,NA,NA
M16 [Stock Position (During the month)],16.3.10,Stock Position of Vitamin A solution,3. Unusable Stock,0,NA,NA,NA,NA,0,0,NA,NA,0,NA,NA
M16 [Stock Position (During the month)],16.3.10,Stock Position of Vitamin A solution,4. Stock Distributed,0,NA,NA,NA,NA,0,0,NA,NA,0,NA,NA
M16 [Stock Position (During the month)],16.3.10,Stock Position of Vitamin A solution,5. Total Stock,0,0,0,0,0,0,0,0,0,0,0,0
M16 [Stock Position (During the month)],16.3.11,Stock of ORS (New WHO formulation),1. Balance From Previous Month,105,NA,NA,NA,NA,105,0,NA,NA,0,NA,NA
M16 [Stock Position (During the month)],16.3.11,Stock of ORS (New WHO formulation),2. Stocks Received,0,NA,NA,NA,NA,0,0,NA,NA,0,NA,NA
M16 [Stock Position (During the month)],16.3.11,Stock of ORS (New WHO formulation),3. Unusable Stock,0,NA,NA,NA,NA,0,0,NA,NA,0,NA,NA
M16 [Stock Position (During the month)],16.3.11,Stock of ORS (New WHO formulation),4. Stock Distributed,0,NA,NA,NA,NA,0,0,NA,NA,0,NA,NA
M16 [Stock Position (During the month)],16.3.11,Stock of ORS (New WHO formulation),5. Total Stock,105,0,0,0,0,105,0,0,0,0,0,0
M16 [Stock Position (During the month)],16.4.1,Stock Position of 0.1 ml Syringes(AD),1. Balance From Previous Month,15247,5062,NA,3935,NA,1464,1630,NA,NA,2838,318,NA
M16 [Stock Position (During the month)],16.4.1,Stock Position of 0.1 ml Syringes(AD),2. Stocks Received,8000,0,NA,NA,NA,0,0,NA,NA,6000,2000,NA
M16 [Stock Position (During the month)],16.4.1,Stock Position of 0.1 ml Syringes(AD),3. Unusable Stock,0,NA,NA,NA,NA,0,0,NA,NA,0,NA,NA
M16 [Stock Position (During the month)],16.4.1,Stock Position of 0.1 ml Syringes(AD),4. Stock Distributed,6436,580,NA,1590,NA,540,400,NA,NA,2055,1271,NA
M16 [Stock Position (During the month)],16.4.1,Stock Position of 0.1 ml Syringes(AD),5. Total Stock,16811,4482,0,2345,0,924,1230,0,0,6783,1047,0
M16 [Stock Position (During the month)],16.4.2,Stock Position of 0.5 ml Syringes(AD),1. Balance From Previous Month,153110,41460,NA,22900,NA,0,8650,NA,NA,52700,27400,NA
M16 [Stock Position (During the month)],16.4.2,Stock Position of 0.5 ml Syringes(AD),2. Stocks Received,60000,0,NA,NA,NA,0,0,NA,NA,40000,20000,NA
M16 [Stock Position (During the month)],16.4.2,Stock Position of 0.5 ml Syringes(AD),3. Unusable Stock,0,NA,NA,NA,NA,0,0,NA,NA,0,NA,NA
M16 [Stock Position (During the month)],16.4.2,Stock Position of 0.5 ml Syringes(AD),4. Stock Distributed,55420,2000,NA,13900,NA,0,4000,NA,NA,19900,15620,NA
M16 [Stock Position (During the month)],16.4.2,Stock Position of 0.5 ml Syringes(AD),5. Total Stock,157690,39460,0,9000,0,0,4650,0,0,72800,31780,0
M16 [Stock Position (During the month)],16.4.3,Stock Position of 5.0 ml Syringes(Disposable),1. Balance From Previous Month,20886,12957,NA,1875,NA,1076,376,NA,NA,2477,2125,NA
M16 [Stock Position (During the month)],16.4.3,Stock Position of 5.0 ml Syringes(Disposable),2. Stocks Received,4000,2000,NA,NA,NA,0,0,NA,NA,2000,0,NA
M16 [Stock Position (During the month)],16.4.3,Stock Position of 5.0 ml Syringes(Disposable),3. Unusable Stock,0,NA,NA,NA,NA,0,0,NA,NA,0,NA,NA
M16 [Stock Position (During the month)],16.4.3,Stock Position of 5.0 ml Syringes(Disposable),4. Stock Distributed,3409,300,NA,620,NA,0,190,NA,NA,1099,1200,NA
M16 [Stock Position (During the month)],16.4.3,Stock Position of 5.0 ml Syringes(Disposable),5. Total Stock,21477,14657,0,1255,0,1076,186,0,0,3378,925,0
M17 [Details of deaths reported during the month with probable causes:],17.1,Number of cases of Infant deaths within 24 hrs of birth,TOTAL,25,1,NA,14,NA,2,NA,NA,NA,4,2,2
M17 [Details of deaths reported during the month with probable causes:],17.2.1,Number of cases of Infant deaths 24 hours to 4 weeks of birth with the probable cause being Sepsis,1. Up to 1 Weeks of Birth,2,NA,NA,1,NA,NA,NA,NA,NA,NA,1,NA
M17 [Details of deaths reported during the month with probable causes:],17.2.1,Number of cases of Infant deaths 24 hours to 4 weeks of birth with the probable cause being Sepsis,2. Between 1 week & 4 weeks of birth,NA,NA,NA,NA,NA,NA,NA,NA,NA,NA,NA,NA
M17 [Details of deaths reported during the month with probable causes:],17.2.1,Number of cases of Infant deaths 24 hours to 4 weeks of birth with the probable cause being Sepsis,3. Total,2,NA,NA,1,NA,NA,NA,NA,NA,NA,1,NA
M17 [Details of deaths reported during the month with probable causes:],17.2.2,Number of cases of Infant deaths 24 hours to 4 weeks of birth with the probable cause being Asphyxia,1. Up to 1 Weeks of Birth,18,2,NA,10,NA,NA,NA,NA,NA,NA,5,1
M17 [Details of deaths reported during the month with probable causes:],17.2.2,Number of cases of Infant deaths 24 hours to 4 weeks of birth with the probable cause being Asphyxia,2. Between 1 week & 4 weeks of birth,NA,NA,NA,NA,NA,NA,NA,NA,NA,NA,NA,NA
M17 [Details of deaths reported during the month with probable causes:],17.2.2,Number of cases of Infant deaths 24 hours to 4 weeks of birth with the probable cause being Asphyxia,3. Total,18,2,NA,10,NA,NA,NA,NA,NA,NA,5,1
M17 [Details of deaths reported during the month with probable causes:],17.2.3,Number of cases of Infant deaths 24 hours to 4 weeks of birth with the probable cause being LBW,1. Up to 1 Weeks of Birth,7,NA,NA,2,NA,NA,NA,NA,NA,NA,2,3
M17 [Details of deaths reported during the month with probable causes:],17.2.3,Number of cases of Infant deaths 24 hours to 4 weeks of birth with the probable cause being LBW,2. Between 1 week & 4 weeks of birth,1,NA,NA,NA,NA,1,NA,NA,NA,NA,NA,NA
M17 [Details of deaths reported during the month with probable causes:],17.2.3,Number of cases of Infant deaths 24 hours to 4 weeks of birth with the probable cause being LBW,3. Total,8,NA,NA,2,NA,1,NA,NA,NA,NA,2,3
M17 [Details of deaths reported during the month with probable causes:],17.2.4,"Number of cases of Infant deaths 24 hours to 4 weeks of birth with the probable cause being other than Sepsis, Asphyxia and LBW",1. Up to 1 Weeks of Birth,18,1,NA,9,NA,NA,1,NA,NA,2,3,2
M17 [Details of deaths reported during the month with probable causes:],17.2.4,"Number of cases of Infant deaths 24 hours to 4 weeks of birth with the probable cause being other than Sepsis, Asphyxia and LBW",2. Between 1 week & 4 weeks of birth,NA,NA,NA,NA,NA,NA,NA,NA,NA,NA,NA,NA
M17 [Details of deaths reported during the month with probable causes:],17.2.4,"Number of cases of Infant deaths 24 hours to 4 weeks of birth with the probable cause being other than Sepsis, Asphyxia and LBW",3. Total,18,1,NA,9,NA,NA,1,NA,NA,2,3,2
M17 [Details of deaths reported during the month with probable causes:],17.3.1,Number of cases of Infant or Child deaths between 1 month to 5 years of age with the probable cause being Pneumonia,1. Between 1 month and 11 months,23,2,NA,10,NA,1,1,NA,NA,5,3,1
M17 [Details of deaths reported during the month with probable causes:],17.3.1,Number of cases of Infant or Child deaths between 1 month to 5 years of age with the probable cause being Pneumonia,2. Between 1 year & 5 years,3,NA,NA,NA,NA,2,NA,NA,NA,NA,NA,1
M17 [Details of deaths reported during the month with probable causes:],17.3.1,Number of cases of Infant or Child deaths between 1 month to 5 years of age with the probable cause being Pneumonia,3. Total,26,2,NA,10,NA,3,1,NA,NA,5,3,2
M17 [Details of deaths reported during the month with probable causes:],17.3.2,Number of cases of Infant or Child deaths between 1 month to 5 years of age with the probable cause being Diarrhoea,1. Between 1 month and 11 months,3,NA,NA,1,NA,NA,NA,NA,NA,NA,1,1
M17 [Details of deaths reported during the month with probable causes:],17.3.2,Number of cases of Infant or Child deaths between 1 month to 5 years of age with the probable cause being Diarrhoea,2. Between 1 year & 5 years,2,NA,NA,NA,NA,NA,NA,NA,NA,1,1,NA
M17 [Details of deaths reported during the month with probable causes:],17.3.2,Number of cases of Infant or Child deaths between 1 month to 5 years of age with the probable cause being Diarrhoea,3. Total,5,NA,NA,1,NA,NA,NA,NA,NA,1,2,1
M17 [Details of deaths reported during the month with probable causes:],17.3.3,Number of cases of Infant or Child deaths between 1 month to 5 years of age with the probable cause being Fever related,1. Between 1 month and 11 months,20,2,NA,3,NA,4,3,NA,NA,2,NA,6
M17 [Details of deaths reported during the month with probable causes:],17.3.3,Number of cases of Infant or Child deaths between 1 month to 5 years of age with the probable cause being Fever related,2. Between 1 year & 5 years,3,NA,NA,NA,NA,1,NA,NA,NA,1,1,NA
M17 [Details of deaths reported during the month with probable causes:],17.3.3,Number of cases of Infant or Child deaths between 1 month to 5 years of age with the probable cause being Fever related,3. Total,23,2,NA,3,NA,5,3,NA,NA,3,1,6
M17 [Details of deaths reported during the month with probable causes:],17.3.4,Number of cases of Infant or Child deaths between 1 month to 5 years of age with the probable cause being Measles,1. Between 1 month and 11 months,NA,NA,NA,NA,NA,NA,NA,NA,NA,NA,NA,NA
M17 [Details of deaths reported during the month with probable causes:],17.3.4,Number of cases of Infant or Child deaths between 1 month to 5 years of age with the probable cause being Measles,2. Between 1 year & 5 years,NA,NA,NA,NA,NA,NA,NA,NA,NA,NA,NA,NA
M17 [Details of deaths reported during the month with probable causes:],17.3.4,Number of cases of Infant or Child deaths between 1 month to 5 years of age with the probable cause being Measles,3. Total,NA,NA,NA,NA,NA,NA,NA,NA,NA,NA,NA,NA
M17 [Details of deaths reported during the month with probable causes:],17.3.5,"Number of cases of Infant or Child deaths between 1 month to 5 years of age with the probable cause being other than Pneumonia, Diarrhoea, Fever related and Measles",1. Between 1 month and 11 months,35,NA,NA,21,NA,2,3,NA,NA,1,3,5
M17 [Details of deaths reported during the month with probable causes:],17.3.5,"Number of cases of Infant or Child deaths between 1 month to 5 years of age with the probable cause being other than Pneumonia, Diarrhoea, Fever related and Measles",2. Between 1 year & 5 years,21,NA,NA,11,NA,3,1,NA,NA,2,3,1
M17 [Details of deaths reported during the month with probable causes:],17.3.5,"Number of cases of Infant or Child deaths between 1 month to 5 years of age with the probable cause being other than Pneumonia, Diarrhoea, Fever related and Measles",3. Total,56,NA,NA,32,NA,5,4,NA,NA,3,6,6
M17 [Details of deaths reported during the month with probable causes:],17.4.1,Number of cases of Adolescent or Adult deaths (age 6 years & above) with the probable cause being Diarrhoeal diseases,1. 6-14 yrs,2,1,NA,1,NA,NA,NA,NA,NA,NA,NA,NA
M17 [Details of deaths reported during the month with probable causes:],17.4.1,Number of cases of Adolescent or Adult deaths (age 6 years & above) with the probable cause being Diarrhoeal diseases,2. 15-55 yrs.,3,1,NA,2,NA,NA,NA,NA,NA,NA,NA,NA
M17 [Details of deaths reported during the month with probable causes:],17.4.1,Number of cases of Adolescent or Adult deaths (age 6 years & above) with the probable cause being Diarrhoeal diseases,3. Above 55 yrs.,5,1,NA,2,NA,NA,NA,NA,NA,1,NA,1
M17 [Details of deaths reported during the month with probable causes:],17.4.1,Number of cases of Adolescent or Adult deaths (age 6 years & above) with the probable cause being Diarrhoeal diseases,4. Total,10,3,NA,5,NA,NA,NA,NA,NA,1,NA,1
M17 [Details of deaths reported during the month with probable causes:],17.4.2,Number of cases of Adolescent or Adult deaths (age 6 years & above) with the probable cause being Tuberculosis,1. 6-14 yrs,NA,NA,NA,NA,NA,NA,NA,NA,NA,NA,NA,NA
M17 [Details of deaths reported during the month with probable causes:],17.4.2,Number of cases of Adolescent or Adult deaths (age 6 years & above) with the probable cause being Tuberculosis,2. 15-55 yrs.,9,1,NA,3,NA,NA,1,NA,NA,NA,3,1
M17 [Details of deaths reported during the month with probable causes:],17.4.2,Number of cases of Adolescent or Adult deaths (age 6 years & above) with the probable cause being Tuberculosis,3. Above 55 yrs.,4,NA,NA,1,NA,1,NA,NA,NA,1,1,NA
M17 [Details of deaths reported during the month with probable causes:],17.4.2,Number of cases of Adolescent or Adult deaths (age 6 years & above) with the probable cause being Tuberculosis,4. Total,13,1,NA,4,NA,1,1,NA,NA,1,4,1
M17 [Details of deaths reported during the month with probable causes:],17.4.3,Number of cases of Adolescent or Adult deaths (age 6 years & above) with the probable cause being Respiratory diseases including infections,1. 6-14 yrs,1,NA,NA,NA,NA,NA,NA,NA,NA,1,NA,NA
M17 [Details of deaths reported during the month with probable causes:],17.4.3,Number of cases of Adolescent or Adult deaths (age 6 years & above) with the probable cause being Respiratory diseases including infections,2. 15-55 yrs.,14,1,NA,6,NA,NA,NA,NA,NA,3,4,NA
M17 [Details of deaths reported during the month with probable causes:],17.4.3,Number of cases of Adolescent or Adult deaths (age 6 years & above) with the probable cause being Respiratory diseases including infections,3. Above 55 yrs.,15,1,NA,2,NA,NA,NA,NA,NA,11,NA,1
M17 [Details of deaths reported during the month with probable causes:],17.4.3,Number of cases of Adolescent or Adult deaths (age 6 years & above) with the probable cause being Respiratory diseases including infections,4. Total,30,2,NA,8,NA,NA,NA,NA,NA,15,4,1
M17 [Details of deaths reported during the month with probable causes:],17.4.4,Number of cases of Adolescent or Adult deaths (age 6 years & above) with the probable cause being Malaria,1. 6-14 yrs,NA,NA,NA,NA,NA,NA,NA,NA,NA,NA,NA,NA
M17 [Details of deaths reported during the month with probable causes:],17.4.4,Number of cases of Adolescent or Adult deaths (age 6 years & above) with the probable cause being Malaria,2. 15-55 yrs.,1,NA,NA,NA,NA,NA,1,NA,NA,NA,NA,NA
M17 [Details of deaths reported during the month with probable causes:],17.4.4,Number of cases of Adolescent or Adult deaths (age 6 years & above) with the probable cause being Malaria,3. Above 55 yrs.,NA,NA,NA,NA,NA,NA,NA,NA,NA,NA,NA,NA
M17 [Details of deaths reported during the month with probable causes:],17.4.4,Number of cases of Adolescent or Adult deaths (age 6 years & above) with the probable cause being Malaria,4. Total,1,NA,NA,NA,NA,NA,1,NA,NA,NA,NA,NA
M17 [Details of deaths reported during the month with probable causes:],17.4.5,Number of cases of Adolescent or Adult deaths (age 6 years & above) with the probable cause being other Fever related,1. 6-14 yrs,3,NA,NA,NA,NA,1,NA,NA,NA,1,1,NA
M17 [Details of deaths reported during the month with probable causes:],17.4.5,Number of cases of Adolescent or Adult deaths (age 6 years & above) with the probable cause being other Fever related,2. 15-55 yrs.,17,3,NA,5,NA,NA,1,NA,NA,5,1,2
M17 [Details of deaths reported during the month with probable causes:],17.4.5,Number of cases of Adolescent or Adult deaths (age 6 years & above) with the probable cause being other Fever related,3. Above 55 yrs.,21,3,NA,1,NA,NA,1,NA,NA,14,NA,2
M17 [Details of deaths reported during the month with probable causes:],17.4.5,Number of cases of Adolescent or Adult deaths (age 6 years & above) with the probable cause being other Fever related,4. Total,41,6,NA,6,NA,1,2,NA,NA,20,2,4
M17 [Details of deaths reported during the month with probable causes:],17.4.6,Number of cases of Adolescent or Adult deaths (age 6 years & above) with the probable cause being HIV/AIDS,1. 6-14 yrs,NA,NA,NA,NA,NA,NA,NA,NA,NA,NA,NA,NA
M17 [Details of deaths reported during the month with probable causes:],17.4.6,Number of cases of Adolescent or Adult deaths (age 6 years & above) with the probable cause being HIV/AIDS,2. 15-55 yrs.,NA,NA,NA,NA,NA,NA,NA,NA,NA,NA,NA,NA
M17 [Details of deaths reported during the month with probable causes:],17.4.6,Number of cases of Adolescent or Adult deaths (age 6 years & above) with the probable cause being HIV/AIDS,3. Above 55 yrs.,NA,NA,NA,NA,NA,NA,NA,NA,NA,NA,NA,NA
M17 [Details of deaths reported during the month with probable causes:],17.4.6,Number of cases of Adolescent or Adult deaths (age 6 years & above) with the probable cause being HIV/AIDS,4. Total,NA,NA,NA,NA,NA,NA,NA,NA,NA,NA,NA,NA
M17 [Details of deaths reported during the month with probable causes:],17.4.7,Number of cases of Adolescent or Adult deaths (age 6 years & above) with the probable cause being Heart disease or related to Hypertension,1. 6-14 yrs,1,NA,NA,NA,NA,1,NA,NA,NA,NA,NA,NA
M17 [Details of deaths reported during the month with probable causes:],17.4.7,Number of cases of Adolescent or Adult deaths (age 6 years & above) with the probable cause being Heart disease or related to Hypertension,2. 15-55 yrs.,17,NA,NA,11,NA,1,NA,NA,NA,2,3,NA
M17 [Details of deaths reported during the month with probable causes:],17.4.7,Number of cases of Adolescent or Adult deaths (age 6 years & above) with the probable cause being Heart disease or related to Hypertension,3. Above 55 yrs.,19,NA,NA,9,NA,2,2,NA,NA,6,NA,NA
M17 [Details of deaths reported during the month with probable causes:],17.4.7,Number of cases of Adolescent or Adult deaths (age 6 years & above) with the probable cause being Heart disease or related to Hypertension,4. Total,37,NA,NA,20,NA,4,2,NA,NA,8,3,NA
M17 [Details of deaths reported during the month with probable causes:],17.4.8,Number of cases of Adolescent or Adult deaths (age 6 years & above) with the probable cause being Neurological disease including strokes,1. 6-14 yrs,NA,NA,NA,NA,NA,NA,NA,NA,NA,NA,NA,NA
M17 [Details of deaths reported during the month with probable causes:],17.4.8,Number of cases of Adolescent or Adult deaths (age 6 years & above) with the probable cause being Neurological disease including strokes,2. 15-55 yrs.,13,NA,NA,7,NA,1,NA,NA,NA,3,2,NA
M17 [Details of deaths reported during the month with probable causes:],17.4.8,Number of cases of Adolescent or Adult deaths (age 6 years & above) with the probable cause being Neurological disease including strokes,3. Above 55 yrs.,12,NA,NA,4,NA,NA,NA,NA,NA,4,1,3
M17 [Details of deaths reported during the month with probable causes:],17.4.8,Number of cases of Adolescent or Adult deaths (age 6 years & above) with the probable cause being Neurological disease including strokes,4. Total,25,NA,NA,11,NA,1,NA,NA,NA,7,3,3
M17 [Details of deaths reported during the month with probable causes:],17.4.9(a),Number of cases of Maternal deaths (age 15-49 years) with the probable cause being Abortion,1. 6-14 yrs,NA,NA,NA,NA,NA,NA,NA,NA,NA,NA,NA,NA
M17 [Details of deaths reported during the month with probable causes:],17.4.9(a),Number of cases of Maternal deaths (age 15-49 years) with the probable cause being Abortion,2. 15-49 yrs,NA,NA,NA,NA,NA,NA,NA,NA,NA,NA,NA,NA
M17 [Details of deaths reported during the month with probable causes:],17.4.9(a),Number of cases of Maternal deaths (age 15-49 years) with the probable cause being Abortion,3. Above 49 yrs.,NA,NA,NA,NA,NA,NA,NA,NA,NA,NA,NA,NA
M17 [Details of deaths reported during the month with probable causes:],17.4.9(a),Number of cases of Maternal deaths (age 15-49 years) with the probable cause being Abortion,4. Total,NA,NA,NA,NA,NA,NA,NA,NA,NA,NA,NA,NA
M17 [Details of deaths reported during the month with probable causes:],17.4.9(b),Number of cases of Maternal deaths (age 15-49 years) with the probable cause being Obstructed or prolonged labour,1. 6-14 yrs,NA,NA,NA,NA,NA,NA,NA,NA,NA,NA,NA,NA
M17 [Details of deaths reported during the month with probable causes:],17.4.9(b),Number of cases of Maternal deaths (age 15-49 years) with the probable cause being Obstructed or prolonged labour,2. 15-49 yrs,2,1,NA,NA,NA,NA,NA,NA,NA,1,NA,NA
M17 [Details of deaths reported during the month with probable causes:],17.4.9(b),Number of cases of Maternal deaths (age 15-49 years) with the probable cause being Obstructed or prolonged labour,3. Above 49 yrs.,NA,NA,NA,NA,NA,NA,NA,NA,NA,NA,NA,NA
M17 [Details of deaths reported during the month with probable causes:],17.4.9(b),Number of cases of Maternal deaths (age 15-49 years) with the probable cause being Obstructed or prolonged labour,4. Total,2,1,NA,NA,NA,NA,NA,NA,NA,1,NA,NA
M17 [Details of deaths reported during the month with probable causes:],17.4.9(c),Number of cases of Maternal deaths (age 15-49 years) with the probable cause being Severe hypertesnion or fits,1. 6-14 yrs,NA,NA,NA,NA,NA,NA,NA,NA,NA,NA,NA,NA
M17 [Details of deaths reported during the month with probable causes:],17.4.9(c),Number of cases of Maternal deaths (age 15-49 years) with the probable cause being Severe hypertesnion or fits,2. 15-49 yrs,NA,NA,NA,NA,NA,NA,NA,NA,NA,NA,NA,NA
M17 [Details of deaths reported during the month with probable causes:],17.4.9(c),Number of cases of Maternal deaths (age 15-49 years) with the probable cause being Severe hypertesnion or fits,3. Above 49 yrs.,NA,NA,NA,NA,NA,NA,NA,NA,NA,NA,NA,NA
M17 [Details of deaths reported during the month with probable causes:],17.4.9(c),Number of cases of Maternal deaths (age 15-49 years) with the probable cause being Severe hypertesnion or fits,4. Total,NA,NA,NA,NA,NA,NA,NA,NA,NA,NA,NA,NA
M17 [Details of deaths reported during the month with probable causes:],17.4.9(d),Number of cases of Maternal deaths (age 15-49 years) with the probable cause being Bleeding,1. 6-14 yrs,NA,NA,NA,NA,NA,NA,NA,NA,NA,NA,NA,NA
M17 [Details of deaths reported during the month with probable causes:],17.4.9(d),Number of cases of Maternal deaths (age 15-49 years) with the probable cause being Bleeding,2. 15-49 yrs,3,NA,NA,NA,NA,NA,NA,NA,NA,1,2,NA
M17 [Details of deaths reported during the month with probable causes:],17.4.9(d),Number of cases of Maternal deaths (age 15-49 years) with the probable cause being Bleeding,3. Above 49 yrs.,NA,NA,NA,NA,NA,NA,NA,NA,NA,NA,NA,NA
M17 [Details of deaths reported during the month with probable causes:],17.4.9(d),Number of cases of Maternal deaths (age 15-49 years) with the probable cause being Bleeding,4. Total,3,NA,NA,NA,NA,NA,NA,NA,NA,1,2,NA
M17 [Details of deaths reported during the month with probable causes:],17.4.9(e),Number of cases of Maternal deaths (age 15-49 years) with the probable cause being High Fever,1. 6-14 yrs,NA,NA,NA,NA,NA,NA,NA,NA,NA,NA,NA,NA
M17 [Details of deaths reported during the month with probable causes:],17.4.9(e),Number of cases of Maternal deaths (age 15-49 years) with the probable cause being High Fever,2. 15-49 yrs,NA,NA,NA,NA,NA,NA,NA,NA,NA,NA,NA,NA
M17 [Details of deaths reported during the month with probable causes:],17.4.9(e),Number of cases of Maternal deaths (age 15-49 years) with the probable cause being High Fever,3. Above 49 yrs.,NA,NA,NA,NA,NA,NA,NA,NA,NA,NA,NA,NA
M17 [Details of deaths reported during the month with probable causes:],17.4.9(e),Number of cases of Maternal deaths (age 15-49 years) with the probable cause being High Fever,4. Total,NA,NA,NA,NA,NA,NA,NA,NA,NA,NA,NA,NA
M17 [Details of deaths reported during the month with probable causes:],17.4.9(f),Number of cases of Maternal deaths (age 15-49 years) with the probable cause being other causes (excluding abortion; obstructed or prolonged labour; severe hypertension or fits;,1. 6-14 yrs,NA,NA,NA,NA,NA,NA,NA,NA,NA,NA,NA,NA
M17 [Details of deaths reported during the month with probable causes:],17.4.9(f),Number of cases of Maternal deaths (age 15-49 years) with the probable cause being other causes (excluding abortion; obstructed or prolonged labour; severe hypertension or fits;,2. 15-49 yrs,13,NA,NA,6,NA,NA,2,NA,NA,3,1,1
M17 [Details of deaths reported during the month with probable causes:],17.4.9(f),Number of cases of Maternal deaths (age 15-49 years) with the probable cause being other causes (excluding abortion; obstructed or prolonged labour; severe hypertension or fits;,3. Above 49 yrs.,NA,NA,NA,NA,NA,NA,NA,NA,NA,NA,NA,NA
M17 [Details of deaths reported during the month with probable causes:],17.4.9(f),Number of cases of Maternal deaths (age 15-49 years) with the probable cause being other causes (excluding abortion; obstructed or prolonged labour; severe hypertension or fits;,4. Total,13,NA,NA,6,NA,NA,2,NA,NA,3,1,1
M17 [Details of deaths reported during the month with probable causes:],17.4.10,Number of cases of Adolescent or Adult deaths (age 6 years & above) with the probable cause being Trauma or Accidents or Burn cases,1. 6-14 yrs,3,1,NA,1,NA,NA,NA,NA,NA,NA,NA,1
M17 [Details of deaths reported during the month with probable causes:],17.4.10,Number of cases of Adolescent or Adult deaths (age 6 years & above) with the probable cause being Trauma or Accidents or Burn cases,2. 15-55 yrs.,31,5,NA,10,NA,1,2,NA,NA,2,9,2
M17 [Details of deaths reported during the month with probable causes:],17.4.10,Number of cases of Adolescent or Adult deaths (age 6 years & above) with the probable cause being Trauma or Accidents or Burn cases,3. Above 55 yrs.,5,1,NA,NA,NA,1,NA,NA,NA,NA,3,NA
M17 [Details of deaths reported during the month with probable causes:],17.4.10,Number of cases of Adolescent or Adult deaths (age 6 years & above) with the probable cause being Trauma or Accidents or Burn cases,4. Total,39,7,NA,11,NA,2,2,NA,NA,2,12,3
M17 [Details of deaths reported during the month with probable causes:],17.4.11,Number of cases of Adolescent or Adult deaths (age 6 years & above) with the probable cause being suicide,1. 6-14 yrs,NA,NA,NA,NA,NA,NA,NA,NA,NA,NA,NA,NA
M17 [Details of deaths reported during the month with probable causes:],17.4.11,Number of cases of Adolescent or Adult deaths (age 6 years & above) with the probable cause being suicide,2. 15-55 yrs.,11,1,NA,2,NA,3,NA,NA,NA,2,2,1
M17 [Details of deaths reported during the month with probable causes:],17.4.11,Number of cases of Adolescent or Adult deaths (age 6 years & above) with the probable cause being suicide,3. Above 55 yrs.,2,NA,NA,NA,NA,1,NA,NA,NA,1,NA,NA
M17 [Details of deaths reported during the month with probable causes:],17.4.11,Number of cases of Adolescent or Adult deaths (age 6 years & above) with the probable cause being suicide,4. Total,13,1,NA,2,NA,4,NA,NA,NA,3,2,1
M17 [Details of deaths reported during the month with probable causes:],17.4.12,Number of cases of Adolescent or Adult deaths (age 6 years & above) with the probable cause being Animal bites and stings,1. 6-14 yrs,1,1,NA,NA,NA,NA,NA,NA,NA,NA,NA,NA
M17 [Details of deaths reported during the month with probable causes:],17.4.12,Number of cases of Adolescent or Adult deaths (age 6 years & above) with the probable cause being Animal bites and stings,2. 15-55 yrs.,2,NA,NA,NA,NA,NA,NA,NA,NA,NA,2,NA
M17 [Details of deaths reported during the month with probable causes:],17.4.12,Number of cases of Adolescent or Adult deaths (age 6 years & above) with the probable cause being Animal bites and stings,3. Above 55 yrs.,1,NA,NA,1,NA,NA,NA,NA,NA,NA,NA,NA
M17 [Details of deaths reported during the month with probable causes:],17.4.12,Number of cases of Adolescent or Adult deaths (age 6 years & above) with the probable cause being Animal bites and stings,4. Total,4,1,NA,1,NA,NA,NA,NA,NA,NA,2,NA
M17 [Details of deaths reported during the month with probable causes:],17.4.13(a),Number of cases of Adolescent or Adult deaths (age 6 years & above) with the probable cause being Known Acute disease,1. 6-14 yrs,2,NA,NA,1,NA,NA,NA,NA,NA,NA,1,NA
M17 [Details of deaths reported during the month with probable causes:],17.4.13(a),Number of cases of Adolescent or Adult deaths (age 6 years & above) with the probable cause being Known Acute disease,2. 15-55 yrs.,16,NA,NA,10,NA,2,NA,NA,NA,NA,2,2
M17 [Details of deaths reported during the month with probable causes:],17.4.13(a),Number of cases of Adolescent or Adult deaths (age 6 years & above) with the probable cause being Known Acute disease,3. Above 55 yrs.,13,NA,NA,8,NA,NA,NA,NA,NA,3,1,1
M17 [Details of deaths reported during the month with probable causes:],17.4.13(a),Number of cases of Adolescent or Adult deaths (age 6 years & above) with the probable cause being Known Acute disease,4. Total,31,NA,NA,19,NA,2,NA,NA,NA,3,4,3
M17 [Details of deaths reported during the month with probable causes:],17.4.13(b),Number of cases of Adolescent or Adult deaths (age 6 years & above) with the probable cause being Known Chronic disease,1. 6-14 yrs,NA,NA,NA,NA,NA,NA,NA,NA,NA,NA,NA,NA
M17 [Details of deaths reported during the month with probable causes:],17.4.13(b),Number of cases of Adolescent or Adult deaths (age 6 years & above) with the probable cause being Known Chronic disease,2. 15-55 yrs.,51,1,NA,27,NA,2,NA,NA,NA,8,12,1
M17 [Details of deaths reported during the month with probable causes:],17.4.13(b),Number of cases of Adolescent or Adult deaths (age 6 years & above) with the probable cause being Known Chronic disease,3. Above 55 yrs.,83,2,NA,40,NA,4,1,NA,NA,10,21,5
M17 [Details of deaths reported during the month with probable causes:],17.4.13(b),Number of cases of Adolescent or Adult deaths (age 6 years & above) with the probable cause being Known Chronic disease,4. Total,134,3,NA,67,NA,6,1,NA,NA,18,33,6
M17 [Details of deaths reported during the month with probable causes:],17.4.13(c),Number of cases of Adolescent or Adult deaths (age 6 years & above) where the cause was not known,1. 6-14 yrs,15,NA,NA,4,NA,1,2,NA,NA,2,4,2
M17 [Details of deaths reported during the month with probable causes:],17.4.13(c),Number of cases of Adolescent or Adult deaths (age 6 years & above) where the cause was not known,2. 15-55 yrs.,119,11,NA,50,NA,2,9,NA,NA,19,14,14
M17 [Details of deaths reported during the month with probable causes:],17.4.13(c),Number of cases of Adolescent or Adult deaths (age 6 years & above) where the cause was not known,3. Above 55 yrs.,173,7,NA,57,NA,7,7,NA,NA,53,19,23
M17 [Details of deaths reported during the month with probable causes:],17.4.13(c),Number of cases of Adolescent or Adult deaths (age 6 years & above) where the cause was not known,4. Total,307,18,NA,111,NA,10,18,NA,NA,74,37,39
